player,school,conf,gp,Min_per,ortg,usg,efg_pct_given,ts_pct_given,orb_pct,drb_pct,ast_pct,tov_pct,ftm,fta,ft_pct,twopm,twopa,twop_pct,fg3m,fg3a,fg3_pct,blk_per,stl_per,ftr,yr,ht,num,porpag,adjoe,pfr,draft_year,pid,type,Rec Rank,ast/tov,rimmade,rimmade+rimmiss,midmade,midmade+midmiss,rimmade/(rimmade+rimmiss),midmade/(midmade+midmiss),dunksmade,dunksmiss+dunksmade,dunksmade/(dunksmade+dunksmiss),pick,drtg,adrtg,dporpag,stops,bpm,obpm,dbpm,gbpm,mpg,ogbpm,dgbpm,oreb,dreb,trb_pg,ast_pg,stl_pg,blk_pg,pts_pg,Unnamed: 64,Unnamed: 65,minutes,fgm,fga,efg_pct,ts_pct,position,height_w_shoes_in,weight_lbs,bmi,body_fat_pct,wingspan_in,standing_reach_in,hand_length_in,hand_width_in,vert_no_step_in,vert_max_in,lane_agility_sec,shuttle_run_sec,three_quarter_sprint_sec,bench_reps,BAR,PAN,PBHGT,PDHGT,rookie_per,usage_proxy_per40,ws_ratio,reach_ratio,power_to_weight,bmi_like,shooting_split
AJ PRICE,Connecticut,BE,34,73.0,108.5,24.4,0.507,0.5392,2.1,9.2,28.5,20.2,88,122,0.721,87,206,0.422,78,196,0.398,0.0,1.2,30.3,Sr,2-Jun,,3.82928,120.001,1.6,2009,25744,all,94.8,1.73912572,,,,,,,,,,52.0,97.4776,91.2256,3.75502,164.989,5.47426,4.88235,0.591908,5.72991,31.6765,4.81013,0.91977,0.5882,2.9706,3.5588,4.7059,0.6471,0.0,14.5882,,10.5167,1077.001,165,402,0.5074626865671642,0.5392,PG,72.5,192.8,25.8,0.124,75.75,97.0,,,26.0,31.0,10.99,,3.22,11.0,104.5%,,123.0,128.0,6.4,,1.0448275862068965,1.3379310344827586,1.7686721991701244,0.036680142687277054,0.2736238805970149
AARON GORDON,Arizona,P12,38,77.1,105.5,23.2,0.516,0.5027,10.4,19.3,13.0,12.4,76,180,0.422,173,337,0.513,16,45,0.356,3.4,1.8,47.1,Fr,8-Jun,11.0,2.9415,115.178,3.0,2014,29525,all,99.6,1.36361758,137.0,198.0,36.0,140.0,0.6919,0.2571,54.0,56.0,0.9643,4.0,87.7492,83.3035,4.96193,242.823,8.3179,2.89022,5.42768,7.17364,31.2368,3.32065,3.85299,2.6842,5.2895,7.9737,1.9737,0.8947,1.0263,12.3684,Wing F,2.35011,1186.9984,189,382,0.5157068062827225,0.5027,PF,79.5,220.1,24.5,0.051,83.75,105.0,8.75,10.5,32.5,39.0,10.81,2.76,3.27,,105.3%,91.9,137.5,144.0,6.8,,1.0534591194968554,1.320754716981132,,0.03482457181282386,0.2592458115183246
ADREIAN PAYNE,Michigan St.,B10,31,56.7,113.5,27.1,0.565,0.6065999999999999,6.8,22.9,10.2,16.1,109,138,0.79,134,250,0.536,44,104,0.423,3.8,1.0,39.0,Sr,10-Jun,5,4.11945,130.155,3.7,2014,16825,all,95.8,0.65078975,74.0,104.0,60.0,146.0,0.7115,0.411,38.0,42.0,0.9048,15.0,96.6971,91.739,3.68035,170.629,5.16282,3.50668,1.65614,6.39284,28.0645,5.0434,1.34944,1.5484,5.7097,7.2581,1.3226,0.4839,0.9032,16.4194,Stretch 4,7.20749,869.9995,178,354,0.5649717514124294,0.6065999999999999,PF,81.0,238.5,25.6,0.076,88.0,109.0,9.25,9.5,,,,,,,108.6%,87.9,,,7.6,,1.0864197530864197,1.345679012345679,,0.03635116598079561,0.34271186440677964
AL-FAROUQ AMINU,Wake Forest,ACC,31,76.4,101.8,27.8,0.47100000000000003,0.524,14.6,20.5,9.1,20.6,139,199,0.698,149,308,0.484,18,66,0.273,4.5,2.6,53.2,So,9-Jun,1,3.55131,118.004,3.8,2010,5612,all,98.4,0.41415375,112.0,173.0,37.0,135.0,0.6474,0.2741,46.0,48.0,0.9583,8.0,90.2827,85.7956,4.31568,237.061,6.58999,2.7312,3.85879,6.42958,31.2903,4.27468,2.15491,4.2903,6.4194,10.7097,1.3226,1.4194,1.4194,15.8387,PF/C,3.81868,969.9993,167,374,0.47058823529411764,0.524,SF,79.25,216.0,24.2,0.082,87.25,108.5,9.5,9.5,27.0,33.5,11.29,,3.3,13.0,110.1%,90.3,135.5,142.0,6.1,,1.1009463722397477,1.3690851735015772,2.0162037037037037,0.03439182398073421,0.24658823529411766
ALEC BURKS,Colorado,B12,37,78.2,116.2,32.1,0.498,0.5771000000000001,9.1,14.7,19.8,15.0,245,298,0.822,215,421,0.511,28,95,0.295,1.0,2.0,57.8,So,6-Jun,10.0,5.79718,138.341,3.0,2011,14778,all,61.4,1.13404034,122.0,186.0,93.0,235.0,0.6559,0.3957,26.0,28.0,0.9286,12.0,105.007,101.415,2.76887,212.053,5.84106,6.3762,-0.535146,7.23727,31.5946,7.64884,-0.411573,2.3514,4.1081,6.4595,2.973,1.0811,0.2973,20.5135,Wing G,4.71429,1169.0002,243,516,0.49806201550387597,0.5771000000000001,SG,77.0,192.6,22.8,0.051,82.0,103.5,9.0,8.3,29.0,36.0,10.96,,3.17,5.0,106.5%,74.3,132.5,139.5,5.9,,1.0649350649350648,1.344155844155844,0.9345794392523364,0.03248439871816495,0.28743158914728684
ALEX LEN,Maryland,ACC,38,65.8,112.7,22.6,0.535,0.5697,13.2,19.3,7.8,15.6,105,153,0.686,172,316,0.544,1,8,0.125,8.0,0.5,47.2,So,1-Jul,25,3.19146,118.829,4.0,2013,19499,all,,0.61669517,127.0,174.0,45.0,142.0,0.7299,0.3169,67.0,71.0,0.9437,5.0,91.861,88.507,3.41733,214.642,6.95255,2.39556,4.557,6.1296,26.4211,3.33837,2.79123,2.8684,4.9737,7.8421,0.9737,0.2105,2.0526,11.8947,C,0.469137,1004.0018,173,324,0.5354938271604939,0.5697,C,,,,0.064,87.5,,9.0,10.8,,,,,,,,96.8,,,3.1,,,,,,0.30507083333333335
ANDRE DRUMMOND,Connecticut,BE,34,70.3,100.7,20.8,0.5379999999999999,0.5093,14.2,15.5,3.4,16.0,26,88,0.295,157,290,0.541,0,2,0.0,9.9,1.8,30.1,Fr,10-Jun,12,2.16691,106.547,3.1,2012,20311,all,83.4,0.28847914,130.0,185.0,27.0,105.0,0.7027,0.2571,80.0,89.0,0.8989,9.0,95.5401,90.5331,3.4961,200.006,5.56709,0.789686,4.7774,4.32984,28.4412,1.78075,2.5491,3.3529,4.2059,7.5588,0.4412,0.8235,2.7059,10.0,C,0.127848,967.0007999999999,157,292,0.5376712328767124,0.5093,C,81.75,278.6,29.3,0.075,90.25,109.5,9.5,9.5,31.5,33.5,10.83,,3.39,10.0,110.4%,90.3,141.0,143.0,13.8,,1.1039755351681957,1.3394495412844036,1.2024407753050967,0.04168747486650021,0.2738359589041096
ANDRE ROBERSON,Colorado,P12,31,77.3,99.8,20.4,0.515,0.524,10.6,27.1,9.4,21.2,54,98,0.551,113,217,0.521,19,58,0.328,4.4,3.9,35.6,Jr,7-Jun,21,2.43566,105.246,3.0,2013,17361,all,69.6,0.5946127,88.0,145.0,20.0,63.0,0.6069,0.3175,17.0,20.0,0.85,26.0,83.7071,79.4846,5.29756,283.374,8.97574,1.61601,7.35973,7.55752,33.4194,2.92706,4.63046,2.9677,8.2258,11.1935,1.4194,2.1613,1.3226,10.871,PF/C,3.39385,1036.0014,132,275,0.5145454545454545,0.524,PF-SF,78.25,205.8,23.6,0.071,83.0,104.5,8.75,9.5,30.0,36.5,11.36,3.02,3.34,10.0,106.1%,83.1,134.5,141.0,3.9,,1.060702875399361,1.3354632587859425,1.7735665694849367,0.03361063193459156,0.2696218181818182
ANDREW GOUDELOCK,College of Charleston,SC,37,88.0,113.6,33.1,0.5489999999999999,0.575,2.3,9.9,26.4,16.3,110,134,0.821,187,377,0.496,131,322,0.407,0.5,1.5,19.2,Sr,2-Jun,3.0,5.77155,132.194,2.0,2011,3120,all,,1.31932084,41.0,68.0,146.0,309.0,0.6029,0.4725,7.0,8.0,0.875,46.0,104.713,104.361,2.75546,204.986,3.82596,5.92043,-2.09447,6.30415,35.1892,7.66592,-1.36177,0.6757,3.1892,3.8649,4.2432,0.8919,0.1892,23.7027,Scoring PG,14.6051,1302.0004,318,699,0.5486409155937053,0.575,PG,73.25,197.6,25.9,0.099,76.25,96.5,8.25,9.3,32.5,37.0,10.33,,3.1,4.0,104.1%,76.3,129.0,133.5,2.6,,1.0409556313993173,1.31740614334471,0.7489878542510122,0.036827452853265615,0.3154685264663805
ANDREW NICHOLSON,St. Bonaventure,A10,32,74.3,116.7,28.1,0.601,0.6377,11.2,22.8,9.4,18.1,128,165,0.776,197,332,0.593,23,53,0.434,7.3,1.3,42.9,Sr,9-Jun,44.0,4.86049,131.488,3.7,2012,8064,all,10.6,0.41248002,109.0,151.0,88.0,181.0,0.7219,0.4862,33.0,36.0,0.9167,19.0,93.7441,91.5303,3.59007,207.66,8.05175,4.51105,3.54069,9.51839,30.0625,7.33232,2.18607,2.5938,5.8125,8.4062,1.0312,0.6562,1.9688,18.4688,PF/C,3.36402,962.0,220,385,0.6012987012987013,0.6377,PF,80.5,234.0,25.4,0.076,88.0,107.0,10.0,10.8,28.5,30.5,11.89,,3.67,10.0,109.3%,107.5,135.5,137.5,8.2,,1.093167701863354,1.329192546583851,1.3034188034188035,0.036109717989275106,0.38344818181818185
ANDREW WIGGINS,Kansas,B12,35,81.4,112.3,25.1,0.499,0.5634,8.4,12.3,9.2,15.9,176,227,0.775,146,296,0.493,43,126,0.341,3.1,2.1,53.8,Fr,8-Jun,22.0,4.33229,126.019,3.3,2014,31626,all,100.0,0.67502293,92.0,132.0,54.0,161.0,0.697,0.3354,36.0,40.0,0.9,1.0,101.712,94.4649,3.98001,206.932,7.14569,4.66538,2.48031,6.97725,32.8,5.14855,1.8287,2.1714,3.6857,5.8571,1.5429,1.1714,0.9714,17.0571,Wing F,6.31169,1148.0,189,422,0.49881516587677727,0.5634,,,,,,,,,,,,,,,,,,,,13.9,,,,,,0.2810324644549763
ANTHONY BENNETT,UNLV,MWC,34,67.8,112.8,25.7,0.575,0.6036,9.9,21.3,8.2,15.3,117,168,0.696,156,271,0.576,36,94,0.383,4.3,1.5,46.0,Fr,8-Jun,15,3.86174,124.916,3.4,2013,25132,all,99.0,0.49209348,100.0,140.0,56.0,129.0,0.7143,0.4341,53.0,58.0,0.9138,1.0,89.4038,85.8106,3.77519,202.924,6.61092,3.58896,3.02196,8.18951,27.2353,5.93445,2.25506,2.3824,5.5882,7.9706,0.9118,0.7059,1.1765,15.7941,Stretch 4,5.8596,926.0002,192,365,0.5753424657534246,0.6036,,,,,,,,,,,,,,,,,,,,3.9,,,,,,0.3472767123287671
ANTHONY BROWN,Stanford,P12,37,87.7,114.1,21.2,0.528,0.573,3.8,18.8,15.2,15.7,116,146,0.795,97,229,0.424,79,179,0.441,0.6,1.3,35.8,Sr,6-Jun,21.0,4.26404,120.429,2.4,2015,16684,all,87.4,1.30556553,58.0,96.0,39.0,133.0,0.6042,0.2932,8.0,9.0,0.8889,34.0,100.992,96.2343,3.79438,233.885,5.71511,4.29686,1.41825,6.29308,35.6757,5.2572,1.03588,1.1351,5.7838,6.9189,2.5405,0.7568,0.1892,14.7838,Wing G,8.27577,1320.0009,176,408,0.5281862745098039,0.573,SF-SG,77.75,211.0,24.5,0.061,83.0,104.5,8.5,9.0,27.5,34.5,10.94,3.29,3.18,4.0,106.8%,76.5,132.0,139.0,4.1,,1.067524115755627,1.3440514469453375,0.6540284360189573,0.03490451918404483,0.3026507352941176
ANTHONY DAVIS,Kentucky,SEC,40,80.1,133.8,19.1,0.628,0.6541,11.6,23.9,7.5,10.0,144,203,0.709,207,317,0.653,3,20,0.15,13.7,2.5,60.2,Fr,10-Jun,23,6.07485,139.015,2.4,2012,22364,all,100.0,1.21951222,152.0,174.0,55.0,143.0,0.8736,0.3846,96.0,98.0,0.9796,1.0,79.63,75.7599,5.62176,360.572,17.668,7.54963,10.1184,16.6573,32.025,9.09614,7.56117,2.975,7.4,10.375,1.25,1.35,4.65,14.175,C,0.931259,1281.0,210,337,0.6275964391691394,0.6541,PF-C,81.25,221.8,23.6,0.079,89.5,108.0,9.0,8.5,,,,,,,110.2%,76.5,,,18.2,,1.1015384615384616,1.3292307692307692,,0.03359810650887574,0.41051083086053414
ARCHIE GOODWIN,Kentucky,SEC,33,78.8,96.9,27.2,0.46399999999999997,0.5091,5.6,10.4,16.8,21.0,135,212,0.637,140,293,0.478,17,64,0.266,1.4,2.1,59.4,Fr,4-Jun,10,2.79571,109.466,3.7,2013,27246,all,97.2,0.8712997,106.0,176.0,34.0,116.0,0.6023,0.2931,25.0,30.0,0.8333,29.0,97.7351,94.5801,3.42587,179.703,0.778603,0.781192,-0.00258988,0.958423,31.7576,0.684581,0.273842,1.4545,3.1515,4.6061,2.6667,1.0909,0.4545,14.1212,Wing G,3.60856,1048.0008,157,357,0.4635854341736695,0.5091,SG,75.75,189.0,23.2,0.046,81.5,102.0,8.5,9.0,30.0,36.0,10.75,3.41,3.27,1.0,107.6%,76.5,132.0,138.0,3.4,,1.0759075907590758,1.3465346534653466,0.19047619047619047,0.03293794726007254,0.23601134453781514
ARMON JOHNSON,Nevada,WAC,33,86.4,103.9,26.4,0.508,0.5324,2.7,7.7,29.8,20.8,79,115,0.687,193,360,0.536,17,70,0.243,0.9,1.4,26.7,Jr,3-Jun,23,3.38115,112.702,2.0,2010,4048,all,,1.63967181,84.0,126.0,109.0,234.0,0.6667,0.4658,7.0,9.0,0.7778,34.0,109.698,105.349,2.53685,173.207,0.275797,1.81237,-1.53657,0.913104,34.8182,2.51657,-1.60346,0.7879,2.5455,3.3333,5.5152,0.8485,0.3636,15.6364,Scoring PG,3.46048,1149.0005999999998,210,430,0.5081395348837209,0.5324,PG-SG,74.0,195.2,25.1,0.056,80.0,99.5,8.25,9.3,31.5,38.5,11.25,,3.19,18.0,108.1%,76.3,131.0,138.0,2.5,,1.0810810810810811,1.3445945945945945,3.550204918032787,0.035646457268078885,0.270533488372093
ARNETT MOULTRIE,Mississippi St.,SEC,30,79.5,114.9,23.6,0.561,0.6096,12.2,21.7,7.0,17.5,124,159,0.78,172,310,0.555,8,18,0.444,2.1,1.4,48.5,Jr,11-Jun,23,4.98252,125.498,2.5,2012,21025,all,,0.47947232,121.0,164.0,51.0,146.0,0.7378,0.3493,62.0,66.0,0.9394,27.0,99.1674,95.7605,3.70371,205.304,3.99757,3.29297,0.704601,4.57727,35.7667,4.39764,0.179634,3.6667,6.8,10.4667,1.1667,0.8333,0.7667,16.4,PF/C,1.01942,1073.001,180,328,0.5609756097560976,0.6096,PF,81.5,232.8,24.6,0.077,86.25,106.5,9.25,9.3,33.5,37.5,11.32,,3.22,10.0,105.8%,85.6,140.0,144.0,5.8,,1.0582822085889572,1.3067484662576687,1.610824742268041,0.03504836463547744,0.3419707317073171
AUSTIN DAYE,Gonzaga,WCC,33,65.4,102.6,24.4,0.536,0.5616,4.7,22.1,8.1,18.9,72,104,0.692,118,241,0.49,36,80,0.45,8.1,1.6,32.4,So,11-Jun,,2.4275,111.003,4.3,2009,2742,all,93.4,0.53622842,,,,,,,,,,15.0,85.3883,82.9323,3.93453,217.197,5.75346,0.387002,5.36646,5.2688,26.3636,1.79443,3.47437,1.0,5.6667,6.6667,1.1212,0.7273,2.0,12.6061,,5.3391,869.9988000000001,154,321,0.5358255451713395,0.5616,SF-PF,81.75,191.8,20.2,0.055,86.75,110.0,,,25.0,28.0,12.11,,3.55,0.0,106.1%,,135.0,138.0,5.7,,1.0611620795107033,1.345565749235474,0.0,0.028699417370404663,0.30091962616822426
AUSTIN RIVERS,Duke,ACC,34,82.4,104.8,24.0,0.505,0.5384,2.2,9.2,13.0,17.0,121,184,0.658,116,243,0.477,58,159,0.365,0.1,1.7,45.8,Fr,4-Jun,0,3.59641,115.79,2.7,2012,21892,all,99.8,0.89873044,82.0,141.0,34.0,102.0,0.5816,0.3333,3.0,3.0,1.0,10.0,102.8,97.2284,3.33088,176.149,2.9406,2.9932,-0.0526018,3.075,33.2059,2.7958,0.279199,0.6176,2.7647,3.3824,2.0882,0.9706,0.0294,15.5,Combo G,8.19759,1129.0006,174,402,0.5049751243781094,0.5384,SG-PG,75.5,202.8,25.0,0.062,79.25,96.5,8.5,10.0,32.5,37.5,11.54,,3.32,1.0,105.0%,85.0,129.0,134.0,4.6,,1.0496688741721854,1.2781456953642385,0.1849112426035503,0.03557738695671243,0.27187860696517413
BEN MCLEMORE,Kansas,B12,37,79.1,118.7,22.0,0.586,0.6325999999999999,5.0,12.3,12.6,17.2,120,138,0.87,125,226,0.553,73,174,0.42,2.2,1.8,34.5,Fr,5-Jun,23,4.65665,126.298,2.3,2013,24760,all,92.4,0.94805635,90.0,126.0,35.0,100.0,0.7143,0.35,44.0,45.0,0.9778,7.0,92.3885,87.3941,4.22994,216.163,8.47939,5.6772,2.80219,9.50053,32.1892,6.59953,2.901,1.2703,3.9189,5.1892,1.973,1.0,0.6757,15.9189,Wing G,8.57278,1191.0004,198,400,0.58625,0.6325999999999999,SG,75.5,189.2,23.3,0.05,79.75,100.5,8.75,9.5,32.5,42.0,11.87,3.11,3.27,6.0,105.6%,83.1,133.0,142.5,6.7,,1.0562913907284768,1.3311258278145695,1.331923890063425,0.03319152668742599,0.37086175
BERNARD JAMES,Florida St.,ACC,35,68.9,106.8,20.2,0.606,0.6017,13.6,19.7,3.6,21.7,64,116,0.552,157,259,0.606,0,0,0.0,9.5,1.6,44.8,Sr,10-Jun,5.0,2.67737,112.327,2.8,2012,17913,all,14.2,0.21915903,132.0,195.0,25.0,64.0,0.6769,0.3906,54.0,56.0,0.9643,33.0,87.9861,83.5886,4.09187,222.254,7.70478,1.60206,6.10272,7.09472,27.9714,3.51769,3.57703,3.0571,5.0286,8.0857,0.4571,0.7429,2.3429,10.8,C,0.0,978.999,157,259,0.6061776061776062,0.6017,PF,80.75,229.8,24.8,0.05,87.0,108.5,9.0,9.3,30.0,32.5,11.84,,3.4,6.0,107.7%,83.3,138.5,141.0,5.1,,1.0773993808049536,1.3436532507739938,0.8485639686684072,0.03524235830881155,0.36473706563706565
BOBBY PORTIS,Arkansas,SEC,36,74.2,118.9,25.7,0.552,0.5822999999999999,13.6,20.2,8.8,11.5,115,156,0.737,236,436,0.541,14,30,0.467,4.8,2.1,33.5,So,10-Jun,10.0,4.893,132.908,2.9,2015,29460,all,96.8,0.74999998,149.0,204.0,87.0,229.0,0.7304,0.3799,32.0,36.0,0.8889,22.0,95.8038,92.078,3.6384,235.735,7.92782,5.11539,2.81243,8.39995,29.8889,7.31961,1.08034,3.6944,5.2222,8.9167,1.1667,1.0833,1.3889,17.4722,PF/C,1.58536,1076.0004,250,466,0.5515021459227468,0.5822999999999999,PF,81.5,246.2,26.1,0.089,86.0,108.5,9.5,9.3,25.0,31.5,11.78,3.28,3.56,5.0,105.5%,87.9,133.5,140.0,8.9,,1.0552147239263803,1.3312883435582823,0.6397238017871649,0.03706575332154014,0.32113969957081545
BRADLEY BEAL,Florida,SEC,37,84.7,112.3,22.4,0.525,0.5745,4.8,18.1,12.7,17.0,133,173,0.769,112,207,0.541,63,186,0.339,2.6,2.5,44.0,Fr,3-Jun,23,4.50413,122.639,2.4,2012,22042,all,99.4,1.05063003,89.0,137.0,23.0,70.0,0.6496,0.3286,18.0,20.0,0.9,3.0,95.4954,92.1814,4.01915,257.355,8.02626,5.01541,3.01084,7.56367,34.2432,5.27745,2.28623,1.3514,5.3784,6.7297,2.2432,1.3784,0.8378,14.7568,Wing G,8.98698,1266.9984,175,393,0.5254452926208651,0.5745,SG,75.25,201.8,25.1,0.06,80.0,100.0,8.5,9.0,33.0,39.0,10.95,,3.28,8.0,106.3%,76.5,133.0,139.0,12.1,,1.06312292358804,1.3289036544850499,1.5460852329038652,0.035637575744197084,0.301868320610687
BRANDON INGRAM,Duke,ACC,36,85.9,112.1,24.6,0.525,0.5525,6.1,15.4,11.3,13.7,116,170,0.682,134,289,0.464,80,195,0.41,3.6,1.9,35.1,Fr,9-Jun,14.0,4.44841,124.254,2.4,2016,40152,all,99.6,0.98610002,69.0,117.0,65.0,172.0,0.5897,0.3779,17.0,17.0,1.0,2.0,103.403,95.9335,3.93885,237.974,6.30806,4.07465,2.23341,6.79962,34.6111,5.53645,1.26317,1.8611,4.9167,6.7778,1.9722,1.1111,1.3611,17.3333,Stretch 4,9.11171,1245.9996,214,484,0.5247933884297521,0.5525,,,,,,,,,,,,,,,,,,,,7.3,,,,,,0.28994834710743805
BRANDON KNIGHT,Kentucky,SEC,38,89.4,107.8,26.7,0.508,0.5528,2.2,10.2,23.4,19.8,136,171,0.795,130,282,0.461,87,231,0.377,0.6,1.1,33.3,Fr,3-Jun,12.0,4.73173,123.069,2.4,2011,18154,all,99.2,1.32499436,65.0,117.0,65.0,165.0,0.5556,0.3939,5.0,6.0,0.8333,8.0,100.305,94.5951,4.01095,204.602,4.48048,4.60756,-0.127072,4.58458,35.8684,4.36431,0.220269,0.6579,3.3684,4.0263,4.1842,0.6579,0.2105,17.2895,Combo G,10.2095,1362.9992,217,513,0.5077972709551657,0.5528,PG,73.5,176.8,23.0,0.042,78.75,98.5,8.25,9.5,29.0,37.5,10.74,,3.07,10.0,107.1%,78.4,127.5,136.0,10.8,,1.0714285714285714,1.3401360544217686,2.1210407239819005,0.032727104447221066,0.2807103313840156
BUDDY HIELD,Oklahoma,B12,37,87.6,121.5,28.4,0.623,0.6645,4.0,13.0,12.7,17.1,176,200,0.88,154,279,0.552,147,322,0.457,1.4,1.8,33.3,Sr,4-Jun,24.0,6.84167,143.253,2.3,2016,27126,all,69.0,0.66369796,119.0,178.0,35.0,101.0,0.6685,0.3465,18.0,22.0,0.8182,6.0,100.663,94.0957,4.2368,240.576,8.86581,7.83954,1.02627,11.852,35.3784,10.2417,1.61038,1.2432,4.4865,5.7297,2.027,1.1351,0.4865,25.0,Wing G,13.8488,1309.0008,301,601,0.6231281198003328,0.6645,SG,75.75,212.4,26.0,0.061,81.25,101.0,8.5,9.0,,,,,,,107.3%,76.5,,,6.7,,1.0726072607260726,1.3333333333333333,,0.03701597882560533,0.4140686356073211
CJ MCCOLLUM,Lehigh,Pat,12,31.0,115.7,35.0,0.58,0.6275,4.0,14.5,25.1,14.7,62,73,0.849,63,130,0.485,33,64,0.516,1.2,2.7,37.6,Sr,3-Jun,3,5.69178,136.816,2.3,2013,17390,all,9.8,1.09374883,34.0,63.0,29.0,67.0,0.5397,0.4328,3.0,3.0,1.0,10.0,97.4339,96.5057,3.16236,72.2165,6.97876,7.26103,-0.28227,9.31489,31.0,9.03588,0.279008,1.0,4.0,5.0,2.9167,1.4167,0.3333,23.9167,Combo G,10.3207,372.0,96,194,0.5798969072164949,0.6275,PG-SG,74.25,197.0,25.1,0.086,78.25,96.5,8.0,9.5,32.0,38.5,11.02,2.91,3.32,13.0,105.4%,76.0,128.5,135.0,3.7,,1.0538720538720538,1.2996632996632997,2.5406091370558377,0.035733315194594654,0.3638853092783505
CAMERON PAYNE,Murray St.,OVC,33,81.4,118.8,31.3,0.529,0.5672999999999999,2.3,10.7,39.8,14.9,126,161,0.783,149,294,0.507,82,220,0.373,1.6,3.2,31.3,So,2-Jun,1.0,5.55848,134.583,2.5,2015,29428,all,28.4,2.40230118,53.0,87.0,96.0,208.0,0.6092,0.4615,3.0,3.0,1.0,14.0,100.124,101.405,2.93831,203.057,8.30782,8.05255,0.25527,10.2868,32.1714,8.84184,1.44499,0.6,3.0857,3.6857,5.9714,1.9429,0.4857,20.2,Pure PG,12.0348,1061.6562,231,514,0.5291828793774319,0.5672999999999999,PG,72.75,182.8,24.3,0.063,79.25,97.5,8.5,8.3,29.8,35.5,10.9,2.93,3.28,0.0,108.9%,70.1,127.3,133.0,5.4,,1.0893470790378006,1.3402061855670102,0.0,0.03453903473034093,0.30020544747081707
CARIS LEVERT,Michigan,B10,14,31.0,126.8,26.0,0.59,0.6314,2.5,19.0,32.9,11.9,52,66,0.788,48,90,0.533,27,60,0.45,0.8,1.8,44.0,Sr,7-Jun,23.0,5.34853,136.565,1.7,2016,26551,all,52.4,3.13643865,36.0,48.0,12.0,42.0,0.75,0.2857,9.0,9.0,1.0,20.0,103.626,100.2,3.11652,73.7778,9.50321,7.62963,1.87357,10.0831,31.0714,7.75923,2.32392,0.6429,4.7857,5.4286,4.9286,0.9286,0.2143,16.3571,Combo G,8.2512,434.9996,75,150,0.59,0.6314,SG,77.75,191.0,22.2,0.076,82.0,101.0,8.5,9.3,,,,,,,105.5%,78.6,,,5.9,,1.0546623794212218,1.2990353697749195,,0.03159603395332968,0.37252599999999997
CHANDLER PARSONS,Florida,SEC,36,81.1,110.3,20.1,0.546,0.5514,7.3,19.3,21.6,20.3,54,97,0.557,112,206,0.544,43,117,0.368,1.3,1.7,30.0,Sr,10-Jun,25.0,3.5965,116.025,2.2,2011,2243,all,94.4,1.67902226,89.0,121.0,23.0,85.0,0.7355,0.2706,22.0,25.0,0.88,38.0,95.262,90.6999,4.1897,232.775,8.60912,5.0632,3.54592,7.65528,34.1389,4.95164,2.70364,2.0556,5.6944,7.75,3.7778,0.9444,0.4167,11.3056,Stretch 4,5.90179,1229.0004,155,323,0.5464396284829721,0.5514,SF,80.75,221.2,23.8,0.07,81.5,104.5,8.25,10.0,25.5,31.5,11.05,,3.29,4.0,100.9%,82.5,130.0,136.0,11.4,,1.0092879256965945,1.2941176470588236,0.569620253164557,0.03392345368976986,0.30130681114551083
CHARLES JENKINS,Hofstra,CAA,32,92.4,123.2,28.7,0.5770000000000001,0.6293,1.6,8.6,31.3,12.8,179,217,0.825,176,317,0.555,63,152,0.414,1.8,2.7,46.3,Sr,3-Jun,22.0,6.65016,136.761,2.1,2011,57,all,,2.11262838,93.0,139.0,83.0,178.0,0.6691,0.4663,0.0,0.0,,44.0,107.807,106.346,2.6405,192.184,7.09443,8.32456,-1.23013,9.82813,37.4062,8.91582,0.912311,0.5,2.7188,3.2188,4.6875,1.6562,0.625,22.5,Scoring PG,7.86487,1196.9984,239,469,0.5767590618336887,0.6293,PG-SG,73.5,216.4,28.2,0.043,79.5,96.5,8.5,9.0,29.5,34.0,11.68,,3.18,16.0,108.2%,76.5,126.0,130.5,6.8,,1.0816326530612246,1.3129251700680271,2.5138632162661736,0.040057383497616735,0.36295447761194033
CHASE BUDINGER,Arizona,P10,35,93.7,117.5,23.9,0.5539999999999999,0.5942000000000001,4.9,14.8,19.0,16.6,125,156,0.801,152,288,0.528,67,168,0.399,1.4,2.3,34.2,Jr,7-Jun,,6.01009,130.461,2.0,2009,217,all,99.0,1.3882072,,,,,,,,,,44.0,105.009,98.1723,3.65529,237.463,7.82959,6.90449,0.925103,8.48344,37.6286,7.4571,1.02634,1.4,4.8,6.2,3.3714,1.4286,0.4571,18.0,,7.83562,1317.001,219,456,0.5537280701754386,0.5942000000000001,SF-SG,78.25,206.4,23.7,0.1,79.0,101.0,,,29.5,38.5,11.08,,3.24,10.0,101.0%,,130.5,139.5,8.5,,1.0095846645367412,1.29073482428115,1.8653100775193798,0.033708622115158876,0.32902521929824563
CHRIS MCCULLOUGH,Syracuse,ACC,16,36.0,92.5,21.1,0.48200000000000004,0.5078,9.0,18.5,8.2,22.2,40,71,0.563,53,112,0.473,1,1,1.0,8.5,3.6,62.8,Fr,10-Jun,5.0,1.05663,96.314,3.6,2015,35808,all,96.0,0.51428571,35.0,59.0,19.0,55.0,0.5932,0.3455,11.0,14.0,0.7857,29.0,87.8528,86.8556,3.92646,109.276,5.9099,-1.68994,7.59984,4.68636,28.125,-0.230209,4.91657,2.25,4.625,6.875,1.125,1.6875,2.0625,9.3125,PF/C,0.133493,450.0,54,113,0.4823008849557522,0.5078,PF,80.25,199.0,21.7,0.062,87.25,109.0,8.75,8.8,,,,,,,108.7%,76.6,,,5.7,,1.087227414330218,1.3582554517133956,,0.03090032123135451,0.24491238938053098
CHRIS SINGLETON,Florida St.,ACC,28,59.6,102.7,23.6,0.495,0.5306000000000001,8.2,17.0,8.9,18.2,84,126,0.667,89,191,0.466,35,95,0.368,5.9,3.9,44.1,Jr,9-Jun,31.0,2.61148,110.93,4.4,2011,7190,all,96.8,0.54098959,47.0,79.0,42.0,111.0,0.5949,0.3784,19.0,22.0,0.8636,18.0,83.4244,80.083,4.70452,205.469,8.62793,2.09894,6.52899,8.26476,29.0714,2.98325,5.28151,2.0714,4.75,6.8214,1.1786,1.9643,1.4643,13.1071,Stretch 4,6.70093,813.9992,124,286,0.49475524475524474,0.5306000000000001,SF,79.75,230.2,25.4,0.074,85.0,103.5,9.25,10.0,30.5,37.5,11.33,,3.09,15.0,106.6%,92.5,134.0,141.0,6.7,,1.0658307210031348,1.297805642633229,2.4435273675065163,0.036194612867404996,0.2625171328671329
CLEANTHONY EARLY,Wichita St.,MVC,35,68.5,117.7,26.4,0.573,0.6288,5.6,19.0,6.1,16.2,144,171,0.842,117,202,0.579,64,170,0.376,3.4,1.7,46.0,Sr,8-Jun,11.0,3.90102,128.731,3.5,2014,26859,all,,0.373139,76.0,101.0,41.0,101.0,0.7525,0.4059,19.0,20.0,0.95,34.0,91.1751,89.8207,3.7884,187.934,5.69725,3.82256,1.87469,8.53712,27.4857,6.42372,2.11339,1.2857,4.7143,6.0,0.7143,0.7714,0.8,16.2857,Stretch 4,10.8442,961.9995,181,372,0.5725806451612904,0.6288,SF,78.0,209.4,24.2,0.045,82.75,101.5,8.5,9.0,34.0,40.0,11.15,2.96,3.18,,106.1%,76.5,135.5,141.5,4.8,,1.060897435897436,1.3012820512820513,,0.0344181459566075,0.3600387096774194
CODY ZELLER,Indiana,B10,36,73.3,119.4,26.5,0.562,0.6225999999999999,12.4,18.7,9.4,17.1,196,259,0.757,199,352,0.565,0,2,0.0,4.4,2.1,73.2,So,Jul-00,40,5.4152,137.122,3.0,2013,24010,all,98.2,0.58026669,149.0,238.0,50.0,115.0,0.6261,0.4348,56.0,61.0,0.918,4.0,88.1328,83.5675,4.30792,237.616,9.61322,5.41262,4.2006,10.0009,29.5278,6.89924,3.10171,2.8333,5.2222,8.0556,1.3056,1.0278,1.25,16.5,C,0.111637,1063.0008,199,354,0.5621468926553672,0.6225999999999999,C-PF,82.75,230.0,23.6,0.048,82.75,106.0,8.5,10.5,35.5,37.5,10.82,2.69,3.15,17.0,100.0%,89.3,141.5,143.5,7.8,,1.0,1.2809667673716012,2.7717391304347827,0.033588594481612985,0.34999265536723156
COLE ALDRICH,Kansas,B12,36,66.4,116.9,20.2,0.562,0.5961,13.6,25.4,5.8,16.4,108,159,0.679,149,265,0.562,0,0,0.0,13.0,1.6,60.0,Jr,11-Jun,45,3.51491,122.635,3.8,2010,763,all,94.8,0.55354846,92.0,126.0,57.0,139.0,0.7302,0.4101,32.0,33.0,0.9697,11.0,84.64,78.9024,4.40012,253.179,11.5599,3.09864,8.4613,9.80489,26.75,4.63956,5.16533,3.0556,6.7778,9.8333,0.8611,0.75,3.4722,11.2778,C,0.0,963.0,149,265,0.5622641509433962,0.5961,C,81.0,236.0,25.3,0.085,88.75,111.5,9.0,9.3,23.0,28.0,11.48,,3.35,10.0,109.6%,83.3,134.5,139.5,2.9,,1.095679012345679,1.376543209876543,1.1864406779661016,0.03597012650510593,0.33516566037735845
CORY JEFFERSON,Baylor,B12,36,72.3,114.3,23.6,0.514,0.5495,11.3,20.9,7.7,12.5,128,198,0.646,159,313,0.508,14,37,0.378,4.6,0.8,56.6,Sr,9-Jun,34,3.79985,125.569,3.1,2014,22196,all,86.8,0.71999422,100.0,138.0,59.0,176.0,0.7246,0.3352,67.0,79.0,0.8481,60.0,102.411,96.0337,3.37498,193.933,5.20077,3.45451,1.74626,5.28431,29.3056,4.61394,0.670373,2.7778,5.3611,8.1389,1.0,0.3611,1.2778,13.5556,PF/C,2.17329,1055.0016,173,350,0.5142857142857142,0.5495,PF,79.75,218.4,24.1,0.053,84.5,105.0,8.75,9.8,33.0,37.5,12.63,3.39,3.36,,106.0%,85.3,138.0,142.5,4.8,,1.0595611285266457,1.316614420062696,,0.0343392851878421,0.28259999999999996
CORY JOSEPH,Texas,B12,36,80.4,110.9,16.8,0.503,0.5257000000000001,2.2,9.5,17.3,16.1,51,73,0.699,84,196,0.429,52,126,0.413,0.9,1.9,22.7,Fr,3-Jun,5.0,2.82601,110.246,2.2,2011,16073,all,98.0,2.01853339,35.0,73.0,49.0,123.0,0.4795,0.3984,1.0,1.0,1.0,29.0,94.0606,89.5381,4.17314,198.743,6.62528,3.74323,2.88205,5.54717,32.3889,2.52065,3.02652,0.6389,2.9167,3.5556,3.0278,1.0278,0.3056,10.4167,Combo G,6.30356,1166.0004,136,322,0.5031055900621118,0.5257000000000001,PG,74.0,186.2,23.9,0.097,77.5,99.0,8.5,10.5,27.5,35.0,10.75,,3.27,5.0,104.7%,89.3,126.5,134.0,2.1,,1.0472972972972974,1.337837837837838,0.9398496240601504,0.034002921840759676,0.26448260869565215
DANGELO RUSSELL,Ohio St.,B10,35,84.3,113.6,29.9,0.541,0.5729,3.6,15.4,30.1,17.3,118,156,0.756,136,284,0.479,95,231,0.411,1.1,2.8,30.3,Fr,5-Jun,0.0,5.59686,133.261,2.5,2015,38468,all,97.0,1.71567788,70.0,110.0,66.0,174.0,0.6364,0.3793,4.0,4.0,1.0,2.0,93.834,89.143,4.47433,233.345,9.16316,6.8867,2.27646,10.9303,33.9429,8.22413,2.70618,1.0,4.6571,5.6571,5.0,1.5714,0.3143,19.2857,Scoring PG,11.6594,1188.0015,231,515,0.5407766990291262,0.5729,,,,,,,,,,,,,,,,,,,,11.1,,,,,,0.30981097087378634
DAJUAN SUMMERS,Georgetown,BE,31,72.4,104.5,24.4,0.564,0.5981000000000001,5.3,11.5,9.7,22.4,97,136,0.713,85,154,0.552,52,135,0.385,2.5,2.4,47.1,Jr,8-Jun,,3.26795,116.795,3.6,2009,1575,all,96.4,0.48149567,,,,,,,,,,35.0,98.0931,91.8187,3.46084,158.495,4.14272,2.37595,1.76678,4.97034,29.4194,3.54422,1.42612,1.1613,2.9677,4.129,1.2581,1.129,0.6774,13.6452,,9.1141,912.0014,137,289,0.5640138408304498,0.5981000000000001,SF,79.25,243.0,27.2,0.066,84.75,106.5,,,29.5,34.5,10.94,,3.17,15.0,106.9%,,136.0,141.0,2.3,,1.0694006309148265,1.3438485804416405,2.1296296296296298,0.03869080197832599,0.3373366782006921
DAMIAN LILLARD,Weber St.,BSky,30,87.2,122.3,32.3,0.545,0.6211,1.9,14.1,28.0,12.0,215,243,0.885,129,256,0.504,86,217,0.396,0.7,2.5,51.4,Jr,2-Jun,1.0,6.50902,138.152,2.3,2012,4509,all,57.4,1.78260869,98.0,169.0,31.0,87.0,0.5799,0.3563,13.0,17.0,0.7647,6.0,101.836,103.535,2.75997,200.205,8.16164,8.79872,-0.637082,9.76622,35.3,9.05933,0.706884,0.5333,4.2667,4.8,4.1,1.5,0.2333,24.3667,Scoring PG,12.2517,1059.0,215,473,0.5454545454545454,0.6211,PG,73.75,188.8,24.4,0.059,79.75,95.5,8.75,9.8,34.5,39.5,11.15,,3.34,13.0,108.1%,85.3,130.0,135.0,17.3,,1.0813559322033899,1.2949152542372881,2.7198093220338984,0.03471186440677966,0.33878181818181813
DANTE CUNNINGHAM,Villanova,BE,38,78.6,109.0,24.7,0.525,0.5568,9.5,17.0,8.8,15.8,124,178,0.697,244,463,0.527,0,2,0.0,4.8,2.2,38.3,Sr,9-Jun,,3.96602,120.61,3.4,2009,448,all,59.8,0.57314978,,,,,,,,,,33.0,93.7175,87.6626,4.21283,260.896,6.34177,2.23205,4.10972,6.03803,31.5526,3.5281,2.50993,2.6053,4.8684,7.4737,1.2368,1.2368,1.2368,16.1053,,0.0952854,1198.9988,244,465,0.524731182795699,0.5568,PF,79.0,227.4,25.6,0.048,83.0,106.5,,,28.0,35.0,11.18,,3.26,18.0,105.1%,,134.5,141.5,5.1,,1.0506329113924051,1.3481012658227849,2.7704485488126647,0.03643646851466111,0.2921703225806452
DARIUS MILLER,Kentucky,SEC,40,65.2,117.9,18.6,0.5660000000000001,0.5929,4.3,7.3,14.3,17.8,55,69,0.797,87,153,0.569,56,149,0.376,1.2,1.9,22.8,Sr,8-Jun,1.0,3.36832,121.576,3.3,2012,7229,all,83.8,1.41379302,36.0,49.0,51.0,104.0,0.7347,0.4904,9.0,10.0,0.9,46.0,96.5786,91.8848,3.11829,159.011,7.40894,6.30998,1.09896,6.83073,26.075,4.49389,2.33683,0.9,1.85,2.75,2.05,0.825,0.325,9.925,Wing F,8.52338,1043.0,143,302,0.5662251655629139,0.5929,SF-SG,78.0,233.4,27.0,0.075,81.0,101.0,8.5,8.8,33.0,37.0,11.34,,3.31,14.0,103.8%,74.4,134.0,138.0,3.5,,1.0384615384615385,1.294871794871795,2.2193658954584405,0.038362919132149904,0.3357149006622516
DARREN COLLISON,UCLA,P10,35,78.5,120.7,23.7,0.568,0.624,1.9,7.9,28.4,20.2,113,126,0.897,134,240,0.558,41,104,0.394,0.5,3.1,36.6,Sr,1-Jun,,5.25031,132.45,1.9,2009,2332,all,84.2,1.90807422,,,,,,,,,,21.0,98.6762,93.1281,3.61098,185.905,7.68701,6.62244,1.06457,8.63696,31.5143,6.4635,2.17346,0.4571,1.9429,2.4,4.7429,1.6286,0.1429,14.4,,5.72423,1103.0004999999999,175,344,0.5683139534883721,0.624,PG,72.25,166.2,22.4,0.057,75.0,96.5,,,30.5,33.5,10.45,,3.1,9.0,103.8%,,127.0,130.0,13.3,,1.0380622837370241,1.3356401384083045,1.8140794223826715,0.03183869924929059,0.3546279069767442
DARRUN HILLIARD,Villanova,BE,35,69.4,117.2,23.1,0.5429999999999999,0.5760000000000001,2.0,10.7,15.9,11.1,82,103,0.796,91,182,0.5,79,204,0.387,1.3,3.8,26.7,Sr,6-Jun,4.0,4.21568,127.93,3.1,2015,21234,all,45.4,1.76191661,54.0,89.0,37.0,93.0,0.6067,0.3978,12.0,13.0,0.9231,38.0,91.7311,87.3203,3.97331,196.816,9.25433,6.50237,2.75196,9.43088,28.7714,5.68323,3.74764,0.4571,2.6571,3.1143,2.1143,1.8,0.3429,14.3143,Combo G,12.4534,1006.999,170,386,0.5427461139896373,0.5760000000000001,,,,,,,,,,,,,,,,,,,,3.3,,,,,,0.3126217616580311
DEJUAN BLAIR,Pittsburgh,BE,33,64.5,125.8,26.2,0.584,0.5932999999999999,23.7,27.6,9.3,11.0,97,160,0.606,209,358,0.584,0,0,0.0,3.6,3.5,44.7,So,7-Jun,,5.63645,143.628,4.1,2009,1313,all,93.8,0.93182334,,,,,,,,,,37.0,86.5716,81.3743,4.26263,236.863,14.0651,9.50593,4.55918,12.3283,27.3636,9.89913,2.42915,5.5758,6.7273,12.303,1.2424,1.6061,0.9091,15.6061,,0.0,902.9988000000001,209,358,0.5837988826815642,0.5932999999999999,PF,77.25,276.6,32.6,0.12,86.0,106.5,,,26.0,33.0,11.5,,3.45,18.0,111.3%,,132.5,139.5,11.1,,1.1132686084142396,1.3786407766990292,2.1475054229934925,0.04635058283847048,0.346367877094972
DEMAR DEROZAN,USC,P10,35,82.8,108.2,22.3,0.531,0.5550999999999999,9.3,11.6,9.6,17.1,95,147,0.646,186,331,0.562,6,36,0.167,1.2,1.6,40.1,Fr,7-Jun,,3.64464,115.966,2.5,2009,5417,all,99.0,0.69861438,,,,,,,,,,9.0,99.6449,91.3877,4.01033,189.502,4.60647,3.24057,1.3659,4.94133,33.3714,3.50114,1.44019,2.4,3.3429,5.7429,1.4571,0.8857,0.3714,13.8571,,1.88068,1167.999,192,367,0.5313351498637602,0.5550999999999999,SG-SF,77.5,211.2,24.7,0.049,81.0,102.5,,,29.0,38.5,11.88,,3.31,5.0,104.5%,,131.5,141.0,8.2,,1.0451612903225806,1.3225806451612903,0.9114583333333334,0.0351633714880333,0.2949441416893732
DEMARCUS COUSINS,Kentucky,SEC,38,58.2,113.5,30.8,0.56,0.5793,19.9,24.9,9.2,16.0,162,268,0.604,205,363,0.565,1,6,0.167,7.5,2.4,72.6,Fr,11-Jun,15.0,4.03974,134.534,5.5,2010,13656,all,99.6,0.487187,144.0,189.0,57.0,163.0,0.7619,0.3497,53.0,57.0,0.9298,5.0,83.3244,79.3387,3.80857,242.468,9.60971,4.65779,4.95191,9.60263,23.5,6.16153,3.4411,4.0526,5.7895,9.8421,1.0,0.9737,1.7632,15.1316,C,0.377922,893.0,206,369,0.559620596205962,0.5793,C,81.5,291.8,30.9,0.164,89.75,113.0,9.25,10.0,23.5,27.5,11.4,,3.55,,110.1%,92.5,136.5,140.5,15.2,,1.1012269938650308,1.3865030674846626,,0.04393089690993263,0.32418821138211384
DEMARRE CARROLL,Missouri,B12,38,70.0,118.8,25.1,0.5760000000000001,0.5915,9.3,18.6,15.2,11.5,121,191,0.634,230,397,0.579,16,44,0.364,2.4,3.1,43.3,Sr,8-Jun,,4.732,132.97,3.2,2009,2446,all,72.8,1.46427362,,,,,,,,,,27.0,89.7454,85.9031,3.92175,248.047,10.1056,6.31798,3.78759,10.0423,28.0,7.33047,2.71187,2.4211,4.7632,7.1842,2.1579,1.5526,0.6579,16.5526,,2.25934,1064.0,246,441,0.5759637188208617,0.5915,PF-SF,78.25,207.2,23.8,0.063,82.0,105.0,,,,,,,,,104.8%,,,,3.5,,1.0479233226837061,1.34185303514377,,0.03383927568924864,0.3406825396825397
DENZEL VALENTINE,Michigan St.,B10,31,72.5,125.5,28.9,0.579,0.6082,3.0,21.1,45.8,17.1,81,95,0.853,101,210,0.481,104,234,0.444,0.7,1.9,21.4,Sr,5-Jun,45.0,6.8047,146.68,2.0,2016,26984,all,77.8,2.83533318,38.0,61.0,63.0,148.0,0.623,0.4257,5.0,7.0,0.7143,14.0,92.9687,90.6006,4.37033,210.009,14.386,11.2197,3.16625,14.5955,32.9677,11.0943,3.50124,0.8065,6.7097,7.5161,7.7742,1.0323,0.2258,19.1935,Pure PG,13.6418,1021.9987,205,444,0.5788288288288288,0.6082,SG-SF,76.0,210.4,25.6,0.092,82.75,102.0,8.5,9.8,27.0,32.0,10.51,3.22,3.46,,108.9%,82.9,129.0,134.0,2.3,,1.0888157894736843,1.3421052631578947,,0.03642659279778394,0.35204369369369365
DERRICK BROWN,Xavier,A10,34,71.7,118.5,23.1,0.5479999999999999,0.5870000000000001,10.2,13.9,14.8,15.5,99,132,0.75,127,243,0.523,36,87,0.414,2.9,1.4,40.0,Jr,8-Jun,,4.42573,127.488,3.3,2009,709,all,,1.06776931,,,,,,,,,,40.0,93.4717,90.0501,3.70848,187.036,8.61757,5.49839,3.11919,8.65609,29.6176,6.08346,2.57263,2.3824,3.7647,6.1471,1.8529,0.7059,0.8235,13.5588,,5.28275,1006.9984,163,330,0.5484848484848485,0.5870000000000001,SF-PF,79.5,224.6,25.0,0.086,86.5,107.5,,,30.5,35.5,11.26,,3.13,20.0,108.8%,,138.0,143.0,3.4,,1.0880503144654088,1.3522012578616351,3.161175422974176,0.03553656896483525,0.3219606060606061
DERRICK CARACTER,UTEP,CUSA,27,53.9,103.5,27.3,0.575,0.5984,12.0,21.7,9.0,22.2,80,119,0.672,144,246,0.585,4,15,0.267,3.6,2.1,45.6,Jr,9-Jun,4,2.80389,115.227,4.6,2010,359,all,95.4,0.38959989,85.0,123.0,59.0,123.0,0.6911,0.4797,11.0,11.0,1.0,58.0,89.4752,85.588,3.7413,156.91,3.73222,0.370877,3.36134,4.33394,26.6667,2.39652,1.93742,2.6667,5.4074,8.0741,1.1111,0.963,0.8519,14.0741,PF/C,1.14351,720.0009,148,261,0.5747126436781609,0.5984,PF,80.25,280.0,30.6,0.128,84.25,107.5,9.0,10.3,25.0,30.5,12.78,,3.61,22.0,105.0%,92.3,132.5,138.0,2.1,,1.0498442367601246,1.3395638629283488,2.3964285714285714,0.043477838918488755,0.3439080459770115
DERRICK FAVORS,Georgia Tech,ACC,35,69.2,109.0,21.8,0.615,0.6231,12.5,20.2,7.3,22.9,86,137,0.628,177,287,0.617,0,1,0.0,7.8,1.8,47.6,Fr,10-Jun,14,3.27092,118.568,3.8,2010,10724,all,100.0,0.38374508,137.0,175.0,40.0,112.0,0.7829,0.3571,53.0,56.0,0.9464,3.0,88.5618,84.2157,4.06076,235.754,8.92075,2.8466,6.07414,7.50762,27.7714,3.82367,3.68395,3.0571,5.5714,8.6286,0.9429,0.8857,2.0571,12.5714,C,0.0579349,971.999,177,288,0.6145833333333334,0.6231,PF,80.75,245.2,26.4,0.065,88.0,110.0,8.75,9.3,31.5,35.5,11.74,,3.25,14.0,109.0%,80.9,141.5,145.5,9.4,,1.089783281733746,1.3622291021671826,2.0269168026101143,0.03760411774290945,0.382946875
DERRICK WILLIAMS,Arizona,P10,38,74.1,123.1,28.7,0.65,0.6897,11.8,21.9,8.7,18.2,247,331,0.746,184,306,0.601,42,74,0.568,2.3,1.9,87.1,So,8-Jun,23.0,5.94204,142.708,3.7,2011,12660,all,81.4,0.43000458,135.0,188.0,49.0,118.0,0.7181,0.4153,56.0,60.0,0.9333,2.0,96.0426,91.1963,3.67449,238.464,9.3455,7.30197,2.04352,11.2881,30.0263,9.33852,1.9496,2.7632,5.5,8.2632,1.1316,0.9737,0.6842,19.5,Wing F,3.87575,1140.9994,226,380,0.65,0.6897,PF-SF,79.25,248.4,27.8,0.108,85.5,108.0,9.0,9.8,29.0,34.5,11.03,,3.23,19.0,107.9%,87.8,137.0,142.5,8.5,,1.0788643533123028,1.362776025236593,2.638888888888889,0.03955059757784434,0.448305
DEVIN BOOKER,Kentucky,SEC,38,51.9,121.0,20.5,0.5710000000000001,0.6002000000000001,2.6,7.8,10.9,13.8,53,64,0.828,77,146,0.527,58,141,0.411,0.3,1.3,22.3,Fr,6-Jun,1.0,3.19131,128.601,2.8,2015,52495,all,95.8,1.13515453,42.0,59.0,35.0,88.0,0.7119,0.3977,8.0,9.0,0.8889,13.0,91.0701,86.245,3.04056,117.322,6.83479,5.679,1.15579,8.23184,21.5,5.91621,2.31563,0.4474,1.5526,2.0,1.1053,0.4474,0.0526,10.0263,Wing G,10.7706,817.0,135,287,0.5714285714285714,0.6002000000000001,SG,76.5,205.8,24.7,0.083,80.25,102.5,8.75,9.0,27.5,34.5,10.27,2.75,3.28,8.0,104.9%,78.8,130.0,137.0,10.5,,1.0490196078431373,1.3398692810457515,1.3411078717201166,0.03516596180956043,0.3429714285714286
DION WAITERS,Syracuse,BE,37,60.0,115.9,25.4,0.534,0.5653,2.4,8.2,21.2,12.9,86,118,0.729,129,244,0.529,41,113,0.363,1.5,4.6,33.1,So,4-Jun,3.0,3.80116,129.992,3.1,2012,14983,all,96.0,1.91667314,90.0,144.0,39.0,100.0,0.625,0.39,26.0,29.0,0.8966,4.0,92.5144,87.8998,3.20202,172.467,8.0106,6.20125,1.80935,9.86572,24.0811,5.86491,4.00081,0.4865,1.8108,2.2973,2.4865,1.8108,0.3243,12.6216,Scoring PG,7.73238,891.0006999999999,170,357,0.5336134453781513,0.5653,SG,74.5,221.0,28.0,0.085,79.25,98.0,8.5,9.5,,,,,,,106.4%,80.8,,,10.6,,1.063758389261745,1.3154362416107384,,0.03981802621503536,0.30165168067226894
DOMANTAS SABONIS,Gonzaga,WCC,35,79.9,120.0,26.0,0.612,0.6509,11.6,28.2,11.4,18.5,149,194,0.768,224,364,0.615,5,14,0.357,2.7,1.1,51.3,So,11-Jun,11.0,4.95322,131.645,4.0,2016,33822,all,60.2,0.68477518,157.0,214.0,67.0,149.0,0.7336,0.4497,22.0,24.0,0.9167,11.0,90.7655,88.0512,4.53415,263.303,7.50443,3.90304,3.60139,7.6708,32.0571,5.39611,2.27469,3.0286,8.8,11.8286,1.8,0.6,0.8857,17.4857,PF/C,0.730373,1121.9985,229,378,0.6124338624338624,0.6509,,,,,,,,,,,,,,,,,,,,7.7,,,,,,0.3986332010582011
DORON LAMB,Kentucky,SEC,40,78.1,127.4,18.1,0.5770000000000001,0.6242,1.5,7.7,8.8,11.6,123,149,0.826,99,206,0.481,76,163,0.466,0.2,0.9,40.4,So,4-Jun,20.0,4.9904,130.406,2.3,2012,15371,all,95.4,1.36363633,52.0,79.0,47.0,127.0,0.6582,0.3701,0.0,0.0,,42.0,99.2084,94.3869,3.46308,165.412,6.18418,6.58249,-0.398314,6.27721,31.225,5.20639,1.07082,0.375,2.325,2.7,1.5,0.475,0.05,13.725,Wing G,7.78412,1249.0,175,369,0.5772357723577236,0.6242,SG-PG,75.25,199.4,24.8,0.067,78.75,98.5,8.5,8.8,29.0,33.5,11.12,,3.41,2.0,104.7%,74.4,127.5,132.0,2.2,,1.0465116279069768,1.308970099667774,0.33600802407221664,0.03521373936270019,0.36031056910569104
DRAYMOND GREEN,Michigan St.,B10,37,82.8,107.3,28.2,0.504,0.5422,8.2,28.5,24.2,19.7,125,173,0.723,160,338,0.473,52,134,0.388,3.4,2.7,36.7,Sr,7-Jun,23.0,4.64124,124.752,3.4,2012,8827,all,86.4,1.25893629,101.0,165.0,59.0,173.0,0.6121,0.341,13.0,14.0,0.9286,35.0,83.1827,77.9306,5.56188,304.211,11.3117,4.6544,6.65732,11.033,33.2162,5.98404,5.04892,2.1351,8.4865,10.6216,3.8108,1.4595,0.973,16.2432,Stretch 4,6.63109,1228.9994,212,472,0.5042372881355932,0.5422,PF-SF,77.75,235.6,27.4,0.113,85.25,105.0,9.0,9.5,28.0,33.0,11.01,,3.4,9.0,109.6%,85.5,133.0,138.0,4.7,,1.0964630225080385,1.3504823151125402,1.2606112054329373,0.03897395601782446,0.27339745762711865
ETWAUN MOORE,Purdue,B10,34,84.4,112.1,26.8,0.518,0.5455,5.1,12.5,20.9,11.9,100,141,0.709,151,319,0.473,70,175,0.4,1.6,2.2,28.5,Sr,4-Jun,33.0,5.07602,128.26,2.5,2011,201,all,95.0,1.77052561,44.0,77.0,107.0,242.0,0.5714,0.4421,4.0,4.0,1.0,55.0,93.8872,88.3413,4.51998,210.854,9.05063,6.40941,2.64122,9.36297,33.8824,6.94046,2.42252,1.5,3.6471,5.1471,3.1765,1.2059,0.5294,18.0,Combo G,9.19112,1152.0015999999998,221,494,0.5182186234817814,0.5455,SG,74.5,191.4,24.2,0.076,81.5,99.5,9.0,10.0,32.0,34.5,11.12,,3.31,,109.4%,90.0,131.5,134.0,2.6,,1.0939597315436242,1.3355704697986577,,0.03448493311112112,0.2826882591093117
EARL CLARK,Louisville,BE,37,85.4,100.3,24.6,0.49200000000000005,0.5167,9.1,18.7,18.2,22.0,90,139,0.647,171,347,0.493,31,95,0.326,4.1,1.7,31.4,Jr,9-Jun,,3.19342,111.212,2.2,2009,365,all,96.0,1.0,,,,,,,,,,14.0,88.6298,82.7262,5.16034,265.066,6.6726,1.81849,4.8541,5.72521,34.2703,2.77433,2.95088,2.7568,5.9459,8.7027,3.2162,1.027,1.3784,14.1892,,4.31868,1268.0011,202,442,0.4920814479638009,0.5167,SF-PF,80.5,228.4,24.8,0.052,86.5,109.5,,,28.5,33.0,11.17,,3.35,5.0,107.5%,,138.0,142.5,2.3,,1.0745341614906831,1.360248447204969,0.7224168126094571,0.035245553798078776,0.2542584841628959
ED DAVIS,North Carolina,ACC,23,43.0,112.0,21.5,0.578,0.6065999999999999,10.8,24.2,6.8,18.3,87,132,0.659,111,192,0.578,0,0,0.0,9.5,0.9,68.8,So,10-Jun,32,3.20793,117.857,2.6,2010,6808,all,98.2,0.47825,42.0,50.0,61.0,132.0,0.84,0.4621,26.0,27.0,0.963,13.0,92.5656,87.8784,3.71526,160.882,7.56537,1.89527,5.6701,6.81338,27.8696,3.62077,3.19261,2.8696,6.6957,9.5652,0.9565,0.4348,2.7826,13.4348,C,0.0,641.0007999999999,111,192,0.578125,0.6065999999999999,PF,81.0,226.6,24.3,0.1,84.0,108.0,9.25,10.0,31.0,36.0,11.7,,3.21,,103.7%,92.5,139.0,144.0,13.0,,1.037037037037037,1.3333333333333333,,0.03453741807651273,0.350690625
EKPE UDOH,Baylor,B12,35,88.0,110.5,23.0,0.491,0.5299,12.8,17.6,14.7,17.9,110,159,0.692,178,358,0.497,7,26,0.269,11.0,1.4,41.4,Jr,10-Jun,13,4.3974,120.501,2.8,2010,2610,all,47.4,1.11631598,78.0,109.0,100.0,249.0,0.7156,0.4016,30.0,32.0,0.9375,6.0,93.4571,88.0061,4.70314,273.986,11.5652,4.36662,7.19855,8.83903,35.4571,4.87541,3.96362,3.6,6.1143,9.7143,2.7429,0.8286,3.7429,13.9143,C,1.24524,1240.9985,185,384,0.4908854166666667,0.5299,PF,80.75,237.4,25.6,0.08,88.5,106.5,9.5,8.8,31.0,33.5,11.15,,3.29,10.0,109.6%,83.1,137.5,140.0,6.4,,1.0959752321981424,1.3188854489164086,1.4111204717775905,0.036407901925639086,0.26012018229166667
ELFRID PAYTON,Louisiana Lafayette,SB,32,90.2,107.4,29.5,0.516,0.5407,7.2,12.0,32.3,19.4,167,283,0.59,205,384,0.534,14,54,0.259,1.5,3.6,64.6,Jr,3-Jun,2,4.04504,120.01,2.6,2014,23685,all,,1.52068129,169.0,247.0,36.0,137.0,0.6842,0.2628,21.0,24.0,0.875,10.0,102.995,102.617,3.38689,234.903,6.78961,4.67287,2.11674,7.30451,36.9062,5.60237,1.70214,2.4375,3.8125,6.25,5.75,2.3438,0.5625,19.3438,Scoring PG,2.54993,1180.9984,219,438,0.5159817351598174,0.5407,PG,74.5,185.4,23.5,0.057,80.0,98.5,8.75,9.0,31.5,35.5,11.06,2.92,3.23,,107.4%,78.8,130.0,134.0,13.0,,1.0738255033557047,1.3221476510067114,,0.03340390072519256,0.2789913242009132
ERIC BLEDSOE,Kentucky,SEC,37,73.1,100.4,20.2,0.54,0.5656,2.0,8.6,16.8,27.7,82,123,0.667,95,184,0.516,49,128,0.383,1.1,2.6,39.4,Fr,1-Jun,24,2.15166,105.16,2.9,2010,12621,all,86.6,0.95536839,72.0,110.0,21.0,68.0,0.6545,0.3088,6.0,6.0,1.0,18.0,94.8649,90.0148,3.80115,201.434,4.2837,1.79336,2.49034,3.62646,30.3243,0.921529,2.70493,0.5135,2.5676,3.0811,2.8919,1.4054,0.3243,11.3243,Combo G,6.41899,1121.9991,144,312,0.5400641025641025,0.5656,PG,72.25,191.6,25.8,0.056,79.5,98.0,8.5,9.8,,,,,,9.0,110.0%,82.9,,,8.2,,1.1003460207612457,1.356401384083045,,0.036704541372828386,0.30546025641025637
ERIC MAYNOR,VCU,CAA,34,88.0,117.3,32.6,0.524,0.5832999999999999,1.6,10.0,40.8,15.4,198,243,0.815,182,353,0.516,66,183,0.361,0.5,2.9,45.3,Sr,2-Jun,,6.51466,137.585,2.7,2009,295,all,24.4,2.07920961,,,,,,,,,,20.0,96.5092,95.9311,3.70657,211.625,8.6185,8.21306,0.405443,10.5694,35.4706,8.52288,2.04655,0.4706,3.1176,3.5882,6.1765,1.7059,0.1765,22.3529,,9.08832,1206.0004,248,536,0.5242537313432836,0.5832999999999999,PG,74.25,163.6,20.9,0.054,74.5,97.0,,,28.5,31.5,10.78,,3.19,8.0,100.3%,,125.5,128.5,6.3,,1.0033670033670035,1.3063973063973064,1.5403422982885087,0.029674976476323278,0.30579720149253725
EVAN TURNER,Ohio St.,B10,31,74.4,108.9,34.5,0.54,0.5815,7.4,23.5,37.5,21.7,138,182,0.758,217,402,0.54,20,55,0.364,2.9,3.0,39.8,Jr,7-Jun,21,6.2427,135.245,3.1,2010,1929,all,90.8,1.36028349,102.0,130.0,106.0,258.0,0.7846,0.4109,18.0,19.0,0.9474,2.0,88.4064,83.6938,5.29392,247.062,11.1906,5.66679,5.52382,11.2167,35.7419,6.94325,4.27342,2.0,7.1613,9.1613,5.9677,1.7419,0.9032,20.3871,Wing F,3.06818,1107.9989,237,457,0.5404814004376368,0.5815,SG,77.75,213.8,24.9,0.086,80.0,103.5,8.75,9.5,27.5,34.5,11.06,,3.27,9.0,102.9%,83.1,131.0,138.0,8.8,,1.0289389067524115,1.3311897106109325,1.452291861552853,0.03536770711634495,0.3142899343544858
FESTUS EZELI,Vanderbilt,SEC,26,41.4,99.2,25.7,0.539,0.5670000000000001,13.0,17.4,2.9,22.7,84,139,0.604,89,165,0.539,0,0,0.0,9.0,1.1,84.2,Sr,11-Jun,3.0,2.31139,113.208,5.4,2012,4250,all,77.0,0.13793259,78.0,106.0,11.0,59.0,0.7358,0.1864,31.0,32.0,0.9688,30.0,94.3157,88.3681,3.04194,125.658,3.13961,-0.768399,3.90801,2.71148,23.1923,-0.116285,2.82777,2.3846,3.5385,5.9231,0.3077,0.4231,2.0,10.0769,C,0.0,602.9997999999999,89,165,0.5393939393939394,0.5670000000000001,C-PF,81.75,264.2,27.8,0.055,89.75,108.0,9.0,10.8,34.0,33.5,12.35,,3.29,18.0,109.8%,96.8,142.0,141.5,5.5,,1.0978593272171253,1.3211009174311927,2.2823618470855416,0.03953277408373781,0.3058363636363637
FRANK KAMINSKY,Wisconsin,B10,39,81.4,126.2,28.1,0.59,0.6278,6.0,25.7,18.4,11.5,156,200,0.78,225,387,0.581,42,101,0.416,4.5,1.7,41.0,Sr,Jul-00,44.0,7.35994,148.904,2.0,2015,21292,all,51.8,1.63488926,137.0,180.0,88.0,207.0,0.7611,0.4251,31.0,34.0,0.9118,9.0,91.4999,85.5147,4.85492,266.979,13.7607,8.70054,5.06011,15.3813,33.6154,10.9093,4.47203,1.4872,6.7179,8.2051,2.641,0.8462,1.4615,18.7692,PF/C,5.1789,1311.0006,267,488,0.5901639344262295,0.6278,C-PF,83.75,231.2,23.2,0.094,83.0,109.5,8.5,9.5,,,,,,,99.1%,80.8,,,8.8,,0.991044776119403,1.3074626865671641,,0.03296235241701938,0.3705049180327869
GARY HARRIS,Michigan St.,B10,35,73.7,114.4,25.3,0.518,0.5608,4.0,10.2,16.8,12.7,115,142,0.81,114,225,0.507,81,230,0.352,1.6,3.4,31.2,So,4-Jun,14.0,4.73592,130.372,2.6,2014,26989,all,96.4,1.56664521,65.0,104.0,49.0,122.0,0.625,0.4016,22.0,22.0,1.0,19.0,98.3044,92.577,4.11667,208.288,8.43181,6.41981,2.012,9.34158,32.3143,6.39277,2.94881,1.0571,2.9429,4.0,2.6857,1.8,0.4286,16.7429,Combo G,12.2629,1131.0005,195,455,0.5175824175824176,0.5608,SG,74.5,204.8,25.9,0.046,78.75,96.0,8.5,9.5,,,,,,,105.7%,80.8,,,2.3,,1.0570469798657718,1.2885906040268456,,0.036899238773028246,0.29026021978021976
GERALD HENDERSON,Duke,ACC,37,74.1,110.6,27.2,0.494,0.5424,4.7,14.4,18.0,15.4,143,188,0.761,172,351,0.49,41,122,0.336,2.4,2.4,39.7,Jr,5-Jun,,4.38494,126.916,2.3,2009,2016,all,97.2,1.13749889,,,,,,,,,,12.0,94.2551,88.4646,3.88664,216.74,6.55578,4.30157,2.25421,8.56934,29.7297,6.30326,2.26608,1.2432,3.7027,4.9459,2.4595,1.2432,0.7568,16.4865,,6.37286,1099.9989,213,473,0.49365750528541225,0.5424,SG-SF,76.0,214.6,26.1,0.044,82.25,102.5,,,31.5,35.0,11.17,,3.14,8.0,108.2%,,134.0,137.5,2.5,,1.082236842105263,1.3486842105263157,1.30475302889096,0.03715373961218837,0.2677598308668076
GORDON HAYWARD,Butler,Horz,37,81.2,113.3,24.4,0.527,0.6013000000000001,7.6,23.4,12.1,17.5,179,216,0.829,126,213,0.592,47,160,0.294,2.8,2.0,57.9,So,9-Jun,20,4.5571,123.856,2.5,2010,6696,all,,0.72942144,89.0,128.0,34.0,77.0,0.6953,0.4416,19.0,20.0,0.95,9.0,88.9765,84.8713,4.82144,258.749,8.61433,3.93472,4.67961,8.95662,33.4865,5.68736,3.26926,1.9459,6.2973,8.2432,1.6757,1.0811,0.8108,15.4595,Stretch 4,8.05743,1239.0004999999999,173,373,0.5268096514745308,0.6013000000000001,SF,78.75,211.0,23.9,0.069,79.75,103.0,8.5,9.3,30.5,34.5,11.73,,3.22,10.0,101.3%,78.6,133.5,137.5,5.7,,1.0126984126984127,1.307936507936508,1.6350710900473933,0.03402368354749307,0.3167706434316354
GORGUI DIENG,Louisville,BE,33,63.1,112.6,18.2,0.534,0.5623,12.9,22.1,12.3,18.9,73,112,0.652,125,234,0.534,0,0,0.0,9.4,2.6,47.9,Jr,11-Jun,10,3.55453,117.475,3.3,2013,18642,all,91.6,1.11863081,71.0,104.0,54.0,130.0,0.6827,0.4154,23.0,26.0,0.8846,21.0,81.001,76.177,5.26508,252.025,13.4759,3.72605,9.74983,10.437,31.0909,4.59809,5.83893,3.4242,5.9697,9.3939,2.0,1.3333,2.5152,9.7879,C,0.0,1025.9997,125,234,0.5341880341880342,0.5623,C,81.75,229.6,24.2,0.054,87.5,111.5,9.0,10.0,,,,,,,107.0%,90.0,,,8.4,,1.070336391437309,1.363914373088685,,0.034355506925155946,0.3003739316239316
GREG MONROE,Georgetown,BE,34,85.6,106.8,27.5,0.534,0.5668,8.6,25.2,22.4,20.8,138,209,0.66,195,358,0.545,7,27,0.259,4.9,2.2,54.3,So,11-Jun,10,4.66555,123.778,3.0,2010,5531,all,98.6,1.14286144,154.0,238.0,33.0,102.0,0.6471,0.3235,21.0,22.0,0.9545,7.0,93.1304,86.8378,4.7123,266.081,8.07504,3.30906,4.76598,7.86202,34.2353,4.54337,3.31865,2.1765,7.4706,9.6471,3.7647,1.2353,1.5294,16.1471,PF/C,1.38046,1164.0002000000002,202,385,0.5337662337662338,0.5668,PF-C,81.75,246.6,25.9,0.112,86.25,108.5,8.75,9.5,25.0,29.0,12.1,,3.35,15.0,105.5%,83.1,133.5,137.5,14.7,,1.055045871559633,1.327217125382263,1.7639902676399026,0.03689925090480599,0.3025387012987013
GREIVIS VASQUEZ,Maryland,ACC,32,84.8,111.7,30.7,0.49700000000000005,0.5502,3.9,10.3,35.3,18.2,138,161,0.857,151,320,0.472,67,186,0.36,1.0,2.9,31.8,Sr,6-Jun,21,5.77909,133.611,2.4,2010,465,all,91.6,1.87964446,63.0,109.0,88.0,211.0,0.578,0.4171,4.0,4.0,1.0,28.0,97.2737,92.9583,3.94793,211.734,9.25869,7.75068,1.50801,9.97327,34.3125,8.04126,1.932,1.1875,3.5312,4.7188,6.3438,1.7188,0.3438,20.0312,Pure PG,9.6179,1098.0,218,506,0.49703557312252966,0.5502,PG-SG,77.0,210.8,25.0,0.086,79.0,101.0,7.75,9.3,,,,,,,102.6%,71.7,,,4.0,,1.025974025974026,1.3116883116883118,,0.035554056333277115,0.27346897233201584
HARRISON BARNES,North Carolina,ACC,38,72.9,108.2,26.0,0.48700000000000004,0.528,6.9,11.0,7.2,14.0,141,195,0.723,180,384,0.469,49,137,0.358,1.1,2.0,37.4,So,8-Jun,40.0,3.73661,121.301,2.4,2012,18910,all,100.0,0.58108249,66.0,90.0,113.0,293.0,0.7333,0.3857,34.0,34.0,1.0,7.0,94.6442,90.076,3.66786,212.697,5.538,4.02998,1.50802,6.00117,29.2368,4.32657,1.6746,1.9474,3.2632,5.2105,1.1316,1.0789,0.3421,17.0526,Wing F,6.72803,1110.9984,229,521,0.4865642994241843,0.528,SF-SG,79.0,227.8,25.7,0.096,83.25,101.5,9.0,8.5,38.0,39.5,10.93,,3.16,15.0,105.4%,76.5,139.5,141.0,9.2,,1.0537974683544304,1.2848101265822784,2.6009657594381035,0.03650056080756289,0.25690595009596934
HASHEEM THABEET,Connecticut,BE,35,75.1,118.7,19.4,0.644,0.6484000000000001,13.4,21.7,3.0,17.5,131,209,0.627,172,267,0.644,0,0,0.0,11.9,1.2,78.3,Jr,3-Jul,,4.14637,122.991,3.1,2009,2709,all,87.4,0.26153681,,,,,,,,,,2.0,83.8351,78.8458,5.07759,287.554,11.5125,3.53021,7.98233,11.2046,31.6286,5.13615,6.06841,3.6857,7.0286,10.7143,0.4857,0.6286,4.2,13.5714,,0.0,1107.001,172,267,0.6441947565543071,0.6484000000000001,C,85.25,267.2,25.8,0.067,90.25,113.0,,,,,,,,,105.9%,,,,6.3,,1.0586510263929618,1.3255131964809383,,0.03676610968257927,0.4176958801498128
IMAN SHUMPERT,Georgia Tech,ACC,31,79.4,107.1,28.7,0.45399999999999996,0.5172,5.8,16.4,25.7,14.6,141,175,0.806,135,285,0.474,42,151,0.278,0.7,5.0,40.1,Jr,5-Jun,1.0,4.23152,123.342,3.5,2011,7189,all,95.6,1.5000001,79.0,114.0,56.0,171.0,0.693,0.3275,19.0,25.0,0.76,17.0,91.788,88.6926,4.21159,225.934,8.39649,5.09881,3.29768,9.1732,32.0,5.2283,3.9449,1.7419,4.1935,5.9355,3.4839,2.7419,0.1935,17.3226,Combo G,8.79213,992.0,177,436,0.4541284403669725,0.5172,PG-SG,76.25,221.8,26.8,0.065,81.5,99.5,9.0,9.0,36.5,42.0,11.1,,3.18,18.0,106.9%,81.0,136.0,141.5,9.6,,1.0688524590163935,1.3049180327868852,3.4084761045987375,0.03814888470841172,0.23487522935779817
ISAIAH THOMAS,Washington,P10,35,79.1,114.3,27.2,0.517,0.5625,2.5,9.5,32.7,19.0,151,210,0.719,128,250,0.512,60,172,0.349,0.2,2.3,49.8,Jr,9-May,2.0,5.04539,130.894,2.7,2011,8712,all,57.6,2.0480918,85.0,126.0,43.0,124.0,0.6746,0.3468,1.0,3.0,0.3333,60.0,99.5797,94.9239,3.51267,197.365,6.44643,6.24487,0.201557,7.19152,31.8571,5.9993,1.19221,0.7429,2.7714,3.5143,6.0857,1.3429,0.0571,16.7714,Scoring PG,8.55836,1114.9985,188,422,0.5165876777251185,0.5625,PG,68.75,186.0,27.7,0.067,73.75,91.5,8.25,9.0,31.5,40.0,10.49,,3.14,13.0,107.3%,74.3,123.0,131.5,12.2,,1.0727272727272728,1.3309090909090908,2.795698924731183,0.03935206611570248,0.29058056872037913
ISAIAH WHITEHEAD,Seton Hall,BE,34,80.4,102.1,31.1,0.45799999999999996,0.5107,1.8,9.8,33.0,19.5,149,196,0.76,113,290,0.39,81,222,0.365,4.5,2.1,38.3,So,4-Jun,15.0,3.94973,122.333,2.8,2016,35622,all,97.4,1.45377145,47.0,96.0,66.0,193.0,0.4896,0.342,0.0,1.0,0.0,42.0,96.5495,92.2267,4.101,208.447,6.80136,3.7449,3.05647,8.41596,32.2941,5.97337,2.4426,0.5294,3.0588,3.5882,5.0882,1.1765,1.4412,18.1765,Scoring PG,11.3131,1097.9994,194,512,0.4580078125,0.5107,PG-SG,75.25,210.0,26.1,0.093,80.75,100.0,8.5,8.8,27.5,35.5,11.65,3.21,3.34,,107.3%,74.4,127.5,135.5,6.9,,1.0730897009966778,1.3289036544850499,,0.03708568338097813,0.23390458984375
JAJUAN JOHNSON,Purdue,B10,34,88.1,113.9,27.3,0.509,0.5636,7.9,20.2,6.4,10.3,169,209,0.809,242,469,0.516,15,51,0.294,6.7,1.5,40.2,Sr,10-Jun,25.0,5.65182,131.13,1.8,2011,203,all,91.6,0.58927814,49.0,74.0,193.0,395.0,0.6622,0.4886,23.0,26.0,0.8846,27.0,89.3372,84.06,5.24379,262.089,7.16089,3.02668,4.13421,9.51149,35.3824,6.66198,2.84951,2.4118,6.1471,8.5588,0.9706,0.8824,2.3235,20.5294,PF/C,2.56606,1203.0015999999998,257,520,0.5086538461538461,0.5636,PF,81.0,219.8,23.6,0.075,86.0,107.5,9.0,10.0,33.5,38.0,11.21,,3.14,15.0,106.2%,90.0,141.0,145.5,3.1,,1.0617283950617284,1.3271604938271604,2.5932666060054594,0.0335009907026368,0.28667730769230765
JABARI PARKER,Duke,ACC,35,76.4,111.7,31.6,0.511,0.5577000000000001,11.4,23.1,8.7,14.5,160,214,0.748,198,393,0.504,38,106,0.358,4.0,2.1,42.9,Fr,8-Jun,1.0,5.00949,134.942,3.1,2014,32063,all,99.4,0.50615734,124.0,199.0,74.0,193.0,0.6231,0.3834,61.0,66.0,0.9242,2.0,98.2252,93.1302,3.87471,217.143,6.22828,4.13547,2.09281,6.84705,30.6571,6.33399,0.513063,3.0,5.7429,8.7429,1.1714,1.0571,1.2286,19.1429,PF/C,5.99369,1072.9985,236,499,0.5110220440881763,0.5577000000000001,,,,,,,,,,,,,,,,,,,,12.9,,,,,,0.28499699398797596
JAE CROWDER,Marquette,BE,35,82.4,122.3,22.0,0.568,0.5985,7.0,20.5,13.5,9.8,119,162,0.735,156,259,0.602,61,177,0.345,3.1,4.3,37.2,Sr,6-Jun,32.0,5.48984,132.374,3.2,2012,15568,all,,1.65913615,128.0,171.0,28.0,88.0,0.7485,0.3182,8.0,8.0,1.0,34.0,84.8446,81.1209,5.17007,311.979,13.2884,7.37385,5.91459,13.0841,32.9429,7.96643,5.1177,2.0,6.4,8.4,2.0857,2.5143,1.0,17.5429,Wing G,8.64561,1153.0015,217,436,0.5676605504587156,0.5985,SF,76.75,241.2,28.8,0.09,81.25,99.5,9.5,10.5,31.0,34.5,11.45,,3.37,20.0,105.9%,99.8,130.5,134.0,5.8,,1.0586319218241043,1.296416938110749,2.8606965174129355,0.040946853547517745,0.33974483944954126
JAHLIL OKAFOR,Duke,ACC,38,72.8,116.4,27.6,0.664,0.6414,14.8,18.2,9.4,18.2,99,194,0.51,279,420,0.664,0,0,0.0,4.5,1.5,46.2,Fr,11-Jun,15.0,5.13776,134.951,2.8,2015,38635,all,100.0,0.5158,213.0,270.0,66.0,150.0,0.7889,0.44,64.0,67.0,0.9552,3.0,94.5347,87.7919,4.1073,226.642,9.34057,5.72749,3.61308,9.53611,30.0789,7.26684,2.26927,3.5263,4.9474,8.4737,1.2895,0.7632,1.4211,17.2895,C,0.0,1142.9982,279,420,0.6642857142857143,0.6414,,,,,,,,,,,,,,,,,,,,16.6,,,,,,0.4260728571428571
JAKOB POELTL,Utah,P12,35,75.4,124.0,26.0,0.64,0.6623,11.9,22.0,13.9,14.9,161,231,0.697,222,347,0.64,0,0,0.0,4.8,1.2,66.6,So,Jul-00,42.0,5.55629,140.033,3.0,2016,35220,all,,0.95714998,199.0,284.0,23.0,62.0,0.7007,0.371,32.0,34.0,0.9412,9.0,98.6568,93.3991,3.76243,220.198,9.67869,5.88242,3.79626,9.74688,30.6,7.36804,2.37884,2.8286,6.2286,9.0571,1.9143,0.6,1.5143,17.2857,C,0.0,1071.0,222,347,0.6397694524495677,0.6623,C,84.25,239.0,23.7,0.058,86.75,111.5,9.25,10.3,,,,,,,103.0%,94.8,,,4.3,,1.029673590504451,1.3234421364985163,,0.03367116026380439,0.4237193083573487
JAMAL MURRAY,Kentucky,SEC,36,87.1,118.0,25.4,0.5589999999999999,0.59,4.9,11.1,12.1,15.3,119,152,0.783,131,261,0.502,113,277,0.408,0.9,1.6,28.3,Fr,4-Jun,23.0,5.57218,133.06,2.4,2016,41317,all,98.2,0.94047056,77.0,111.0,54.0,150.0,0.6937,0.36,18.0,19.0,0.9474,7.0,101.145,96.6981,3.89906,209.711,8.14115,7.25949,0.88166,8.97041,35.1944,8.14081,0.829595,1.4722,3.6944,5.1667,2.1944,0.9722,0.3056,20.0,Wing G,12.7837,1266.9984,244,538,0.5585501858736059,0.59,,,,,,,,,,,,,,,,,,,,7.3,,,,,,0.3295446096654275
JAMES HARDEN,Arizona St.,P10,35,88.3,112.8,32.6,0.5529999999999999,0.6065999999999999,5.5,14.6,29.2,19.0,204,270,0.756,163,289,0.564,58,163,0.356,1.1,3.1,59.7,So,5-Jun,,6.47615,137.102,3.2,2009,3638,all,97.4,1.25425636,,,,,,,,,,3.0,95.6385,89.5229,4.50387,234.839,10.3738,7.16968,3.20412,9.8125,35.8286,6.88906,2.92344,1.3714,4.2,5.5714,4.2286,1.6857,0.3143,20.1143,,8.55845,1254.001,221,452,0.5530973451327433,0.6065999999999999,SG,76.0,222.0,27.0,0.101,82.75,103.5,,,31.5,37.0,11.1,,3.13,17.0,108.9%,,135.0,140.5,9.7,,1.0888157894736843,1.361842105263158,2.8333333333333335,0.038434903047091414,0.3355088495575221
JAMES JOHNSON,Wake Forest,ACC,31,76.3,113.5,22.2,0.574,0.5931000000000001,9.6,19.2,12.3,18.5,69,99,0.697,165,276,0.598,22,69,0.319,5.0,2.5,28.7,So,8-Jun,,3.77828,119.948,3.8,2009,1634,all,82.0,0.83783671,,,,,,,,,,16.0,89.965,85.6534,4.3006,236.275,9.52538,4.79792,4.72746,8.39846,30.5161,5.0609,3.33757,2.5484,5.9677,8.5161,2.0,1.4194,1.5484,15.0,,3.83481,945.9991,187,345,0.5739130434782609,0.5931000000000001,SF-PF,79.0,257.2,29.0,0.12,84.75,105.5,,,30.5,35.0,11.21,,3.23,18.0,107.3%,,136.0,140.5,4.6,,1.0727848101265822,1.3354430379746836,2.44945567651633,0.041211344335843614,0.34038782608695656
JAMES YOUNG,Kentucky,SEC,40,80.2,111.7,21.8,0.498,0.5364,3.7,11.0,10.8,15.9,125,177,0.706,101,215,0.47,82,235,0.349,0.6,1.4,39.3,Fr,6-Jun,1.0,3.736,121.225,2.6,2014,28736,all,98.4,0.89333331,56.0,89.0,45.0,126.0,0.6292,0.3571,20.0,22.0,0.9091,17.0,103.077,96.9728,3.64344,199.576,4.71558,4.20626,0.509324,5.06622,32.4,3.9176,1.14862,1.025,3.25,4.275,1.675,0.75,0.2,14.325,Wing G,10.8682,1296.0,183,450,0.49777777777777776,0.5364,SG,77.25,213.3,25.1,0.051,84.0,104.0,9.0,9.5,28.0,35.5,,,,,108.7%,85.5,132.0,139.5,2.8,,1.087378640776699,1.3462783171521036,,0.03574323687435197,0.26700799999999997
JARED SULLINGER,Ohio St.,B10,37,72.0,117.8,27.3,0.5379999999999999,0.5911,12.5,24.0,8.6,13.7,175,228,0.768,212,399,0.531,16,40,0.4,4.0,2.3,51.9,So,9-Jun,0.0,5.35069,135.153,3.9,2012,18035,all,99.4,0.64787114,118.0,173.0,94.0,226.0,0.6821,0.4159,16.0,17.0,0.9412,21.0,85.165,79.3279,4.95219,259.854,10.0557,5.46551,4.59023,10.5424,30.3514,7.08523,3.45719,3.1351,6.0541,9.1892,1.2432,1.1622,1.0541,17.4865,PF/C,2.10795,1123.0018,228,439,0.5375854214123007,0.5911,PF,79.75,268.2,29.6,0.107,85.25,105.5,9.25,9.8,29.5,31.0,12.77,,3.81,9.0,106.9%,90.2,135.0,136.5,10.1,,1.0689655172413792,1.322884012539185,1.0402684563758389,0.042169396920234664,0.3177667425968109
JARELL MARTIN,LSU,SEC,33,85.9,106.5,24.6,0.526,0.5654,9.7,18.1,10.5,18.4,140,203,0.69,188,345,0.545,14,52,0.269,1.8,1.9,51.1,So,9-Jun,12.0,3.76806,117.024,3.2,2015,28739,all,97.8,0.64130707,137.0,206.0,51.0,139.0,0.665,0.3669,45.0,45.0,1.0,25.0,93.3404,90.8088,4.3606,240.893,4.40655,2.44395,1.9626,4.03898,35.1212,2.7688,1.27018,2.9697,6.2727,9.2424,1.7879,1.1515,0.697,16.9091,Wing F,2.56274,1158.9996,202,397,0.5264483627204031,0.5654,PF,80.0,238.6,26.2,0.101,81.0,106.5,8.25,9.5,28.5,35.0,11.2,2.97,3.27,19.0,101.3%,78.4,135.0,141.5,6.3,,1.0125,1.33125,2.7870913663034367,0.03728125,0.2976539042821159
JAYLEN BROWN,California,P12,34,68.3,95.4,30.9,0.47100000000000003,0.5176,4.5,16.5,15.1,21.0,142,217,0.654,133,276,0.482,30,102,0.294,2.2,1.7,57.4,Fr,7-Jun,0.0,2.32017,111.435,4.6,2016,38792,all,99.4,0.63810632,98.0,160.0,35.0,116.0,0.6125,0.3017,21.0,25.0,0.84,3.0,96.1781,91.4564,3.55465,185.694,2.64996,0.00518571,2.64478,2.67159,27.6176,0.728962,1.94263,1.0588,4.2941,5.3529,1.9706,0.7941,0.6471,14.6471,Wing F,6.30595,938.9984,163,378,0.4708994708994709,0.5176,SG-SF,77.25,222.8,26.2,0.051,83.75,102.5,8.75,9.0,,,,,,,108.4%,78.8,,,4.6,,1.0841423948220066,1.3268608414239482,,0.03733517663200009,0.2437375661375661
JEFF AYRES,Arizona St.,P10,35,80.2,130.8,20.2,0.66,0.6899,11.0,21.9,6.7,12.3,113,145,0.779,198,299,0.662,0,1,0.0,3.3,1.0,48.3,Sr,10-Jun,,5.88808,137.154,3.3,2009,49752,all,,0.72090181,,,,,,,,,,31.0,95.9973,89.8587,4.05345,210.51,7.45978,4.83715,2.62263,7.47108,32.5429,5.79765,1.67343,2.4857,5.7143,8.2,0.8857,0.4857,0.8571,14.5429,,0.0578088,1139.0015,198,300,0.66,0.6899,PF,80.75,239.6,25.8,0.055,85.0,107.0,,,31.0,35.0,11.98,,3.14,15.0,105.3%,,138.0,142.0,4.9,,1.0526315789473684,1.325077399380805,2.191151919866444,0.03674529613051021,0.455334
JEFF TEAGUE,Wake Forest,ACC,31,79.9,113.1,26.2,0.546,0.6147,1.7,8.6,20.2,21.0,179,219,0.817,135,269,0.502,45,102,0.441,2.0,3.1,59.0,So,2-Jun,,4.56874,125.453,2.7,2009,1633,all,90.0,1.05770834,,,,,,,,,,19.0,95.1768,90.6154,3.95475,203.186,6.6175,4.81044,1.80706,8.47287,31.9677,5.78494,2.68792,0.4839,2.8065,3.2903,3.5484,1.871,0.6452,18.8387,,5.41344,990.9987,180,371,0.545822102425876,0.6147,PG,72.25,175.2,23.6,0.045,79.5,98.5,,,30.5,36.5,11.05,,3.18,13.0,110.0%,,129.0,135.0,3.8,,1.1003460207612457,1.3633217993079585,2.7083333333333335,0.03356281653715832,0.335516846361186
JEFF WITHEY,Kansas,B12,37,76.0,113.7,21.0,0.583,0.6207,8.8,20.9,6.2,17.8,137,192,0.714,184,317,0.58,1,1,1.0,13.7,1.4,60.4,Sr,Jul-00,5,3.75176,119.463,2.7,2013,10238,all,94.6,0.4794222,139.0,202.0,45.0,115.0,0.6881,0.3913,50.0,54.0,0.9259,39.0,83.0455,78.5563,4.99547,289.791,11.1432,1.73544,9.40775,10.4486,30.9189,4.19522,6.25337,2.1351,6.3784,8.5135,0.9459,0.7568,3.9459,13.7297,PF/C,0.0512785,1143.9993,185,318,0.5833333333333334,0.6207,C,82.75,221.8,22.8,0.087,86.0,110.5,9.0,9.8,26.5,29.0,12.49,3.29,3.47,10.0,103.9%,87.8,137.0,139.5,5.7,,1.039274924471299,1.3353474320241692,1.307484220018034,0.032391088069659825,0.36207500000000004
JERAMI GRANT,Syracuse,ACC,32,73.4,115.6,21.4,0.496,0.5474,9.1,17.2,9.4,11.3,120,178,0.674,133,263,0.506,0,5,0.0,2.5,1.7,66.4,So,8-Jun,3.0,3.82466,123.053,3.0,2014,25897,all,90.6,1.18924056,88.0,129.0,45.0,135.0,0.6822,0.3333,28.0,33.0,0.8485,39.0,97.8648,92.424,4.02905,166.665,4.63048,2.57061,2.05987,5.21693,31.4062,3.38554,1.83139,2.4375,4.3438,6.7812,1.375,0.8125,0.5625,12.0625,C,0.326018,1004.9984,133,268,0.4962686567164179,0.5474,SF,78.5,214.0,24.4,0.038,86.75,107.0,9.25,9.3,,,,,,,110.5%,85.6,,,6.2,,1.105095541401274,1.3630573248407643,,0.03472757515517871,0.27165746268656715
JEREMY EVANS,Western Kentucky,SB,34,65.3,129.2,17.3,0.6559999999999999,0.6681999999999999,13.5,17.8,5.9,14.0,64,93,0.688,134,199,0.673,3,12,0.25,7.2,1.9,44.1,Sr,9-Jun,40,3.49748,123.099,4.4,2010,331,all,,0.69446545,113.0,139.0,21.0,60.0,0.8129,0.35,61.0,64.0,0.9531,55.0,95.1372,95.7192,2.78986,192.491,8.08383,3.91722,4.16661,6.18888,26.5,4.051,2.13788,2.9706,3.9412,6.9118,0.7353,0.8235,1.7941,10.0294,C,0.806003,901.0,137,211,0.6563981042654028,0.6681999999999999,,,,,,,,,,,,,,,,,,,,5.4,,,,,,0.43860521327014207
JEREMY LAMB,Connecticut,BE,34,92.1,115.4,22.2,0.556,0.5895,3.0,11.1,10.1,15.0,98,121,0.81,146,243,0.601,71,211,0.336,1.7,2.1,26.7,So,5-Jun,3.0,5.10145,124.267,1.8,2012,18051,all,83.0,0.85294998,67.0,85.0,79.0,158.0,0.7882,0.5,23.0,24.0,0.9583,12.0,101.528,96.2073,3.85197,207.755,6.13466,5.05687,1.07779,7.13317,37.2353,5.58128,1.55189,0.9412,3.9412,4.8824,1.7059,1.2353,0.6176,17.7353,Wing G,10.2954,1266.0002000000002,217,454,0.5561674008810573,0.5895,SG,76.0,179.2,21.8,0.045,83.0,102.0,8.75,9.3,31.5,38.0,10.98,,3.25,5.0,109.2%,80.9,133.5,140.0,2.1,,1.0921052631578947,1.3421052631578947,1.0602678571428572,0.031024930747922435,0.3278606828193833
JERIAN GRANT,Notre Dame,ACC,38,91.1,122.2,25.6,0.536,0.5918,1.3,8.3,33.5,14.2,170,218,0.78,154,269,0.572,50,158,0.316,1.4,2.8,51.1,Sr,5-Jun,22.0,6.60476,137.617,2.1,2015,23810,all,78.0,3.07317281,107.0,142.0,47.0,127.0,0.7535,0.3701,10.0,11.0,0.9091,19.0,102.954,97.7003,3.78026,223.582,8.38154,7.90599,0.475553,8.37017,37.0526,6.94126,1.42891,0.3421,2.6842,3.0263,6.6316,1.6579,0.5,16.5263,Pure PG,6.99478,1407.9987999999998,204,427,0.5362997658079626,0.5918,PG,75.25,198.0,24.6,0.056,79.5,100.0,8.25,8.5,,,,,,,105.6%,70.1,,,6.0,,1.0564784053156147,1.3289036544850499,,0.03496650147349367,0.3173822014051522
JIMMER FREDETTE,BYU,MWC,36,89.4,114.7,36.6,0.531,0.5920000000000001,2.0,8.5,28.6,15.3,250,280,0.893,221,450,0.491,121,308,0.393,0.1,2.1,36.9,Sr,2-Jun,32.0,7.42677,144.768,1.5,2011,3137,all,54.4,1.19232373,109.0,151.0,112.0,299.0,0.7219,0.3746,2.0,3.0,0.6667,10.0,99.0445,95.5029,3.90002,215.402,7.05925,8.24222,-1.18298,10.1931,36.1389,10.0698,0.123288,0.6389,2.8611,3.5,4.3056,1.3333,0.0278,29.3056,Scoring PG,13.2585,1301.0004,342,758,0.5310026385224275,0.5920000000000001,,,,,,,,,,,,,,,,,,,,5.4,,,,,,0.3143535620052771
JIMMY BUTLER,Marquette,BE,37,86.3,122.0,21.2,0.516,0.5867,8.2,12.0,13.2,11.6,188,240,0.783,167,324,0.515,20,58,0.345,1.1,2.4,62.8,Sr,6-Jun,33.0,5.34463,129.53,1.5,2011,9284,all,,1.59253177,106.0,158.0,61.0,166.0,0.6709,0.3675,17.0,17.0,1.0,30.0,101.483,95.5339,3.76171,229.305,8.14842,6.26759,1.88083,8.54764,34.6486,6.89473,1.65292,2.4324,3.6486,6.0811,2.3243,1.4324,0.3514,15.7297,Wing G,2.6294,1281.9982,187,382,0.5157068062827225,0.5867,SF,78.0,222.2,25.7,0.054,79.5,101.5,9.0,9.0,32.0,39.0,11.12,,3.15,14.0,101.9%,81.0,133.5,140.5,2.9,,1.0192307692307692,1.3012820512820513,2.4572457245724575,0.036522024983563446,0.3025651832460733
JODIE MEEKS,Kentucky,SEC,36,85.9,118.9,27.9,0.5660000000000001,0.6286999999999999,2.0,8.6,11.7,15.8,211,234,0.902,146,280,0.521,117,288,0.406,0.4,2.2,41.2,Jr,5-Jun,,5.90613,133.801,2.2,2009,3812,all,92.4,0.65624182,,,,,,,,,,41.0,98.0648,93.586,3.89665,213.232,4.67523,5.8246,-1.14937,7.8038,34.3611,7.03987,0.763933,0.5278,2.8611,3.3889,1.75,1.3333,0.1389,23.7222,,13.2073,1236.9996,263,568,0.5660211267605634,0.6286999999999999,SG,75.0,211.4,26.4,0.08,76.5,98.0,,,28.5,37.0,10.96,,3.1,14.0,102.0%,,126.5,135.0,4.1,,1.02,1.3066666666666666,2.4503311258278146,0.037582222222222225,0.35585748239436615
JOHN HENSON,North Carolina,ACC,35,66.8,107.4,21.9,0.5,0.5051,9.1,25.1,8.0,11.0,69,135,0.511,205,410,0.5,0,0,0.0,9.6,1.1,32.9,Jr,11-Jun,31.0,3.01983,114.347,2.2,2012,10202,all,99.2,0.97775533,83.0,115.0,122.0,295.0,0.7217,0.4136,55.0,57.0,0.9649,14.0,85.5966,81.493,4.51549,270.434,9.29592,1.93911,7.35681,8.4478,29.1143,3.96186,4.48594,2.5429,7.4,9.9429,1.2571,0.5714,2.8857,13.6857,C,0.0,1019.0005,205,410,0.5,0.5051,PF,81.0,216.0,23.1,0.086,89.0,112.0,9.25,10.0,25.5,30.0,,,,5.0,109.9%,92.5,137.5,142.0,7.9,,1.0987654320987654,1.382716049382716,0.6944444444444444,0.03292181069958848,0.25255
JOHN JENKINS,Vanderbilt,SEC,35,80.9,126.4,23.6,0.62,0.6557999999999999,1.7,8.2,8.4,12.0,128,153,0.837,83,153,0.542,134,305,0.439,1.0,1.5,33.4,Jr,3-Jun,23.0,6.27491,138.698,1.4,2012,11858,all,95.4,0.76365026,47.0,64.0,36.0,89.0,0.7344,0.4045,1.0,1.0,1.0,23.0,102.238,96.4593,3.45085,175.039,8.45478,8.36461,0.090178,11.3378,33.6286,10.1899,1.14788,0.4571,2.4286,2.8857,1.2,0.8286,0.3143,19.8857,Combo G,15.6729,1177.001,217,458,0.6200873362445415,0.6557999999999999,SG,75.25,212.0,26.3,0.071,80.5,98.0,9.0,9.0,30.5,36.5,11.36,,3.37,10.0,107.0%,81.0,128.5,134.5,5.4,,1.069767441860465,1.302325581395349,1.721698113207547,0.037438880365558876,0.40665327510917026
JOHN WALL,Kentucky,SEC,37,83.9,108.7,26.9,0.503,0.5618,2.7,10.1,34.8,24.2,175,232,0.754,165,324,0.509,37,114,0.325,1.5,2.9,53.0,Fr,4-Jun,11,4.60411,123.007,2.2,2010,12637,all,99.8,1.61745724,116.0,182.0,40.0,127.0,0.6374,0.315,33.0,36.0,0.9167,1.0,93.3072,88.793,4.50963,247.229,7.09124,4.39997,2.69126,7.72509,34.8108,4.82966,2.89544,0.8108,3.4865,4.2973,6.5135,1.7838,0.5135,16.6486,Pure PG,4.98101,1287.9996,202,438,0.5034246575342466,0.5618,PG,74.75,195.6,24.6,0.056,81.25,101.5,8.25,9.5,30.0,39.0,10.84,,3.14,,108.7%,78.4,131.5,140.5,18.1,,1.0869565217391304,1.3578595317725752,,0.035006319839822816,0.2828239726027397
JOHNNY OBRYANT,LSU,SEC,34,74.2,98.6,28.5,0.498,0.5278,10.8,16.6,11.5,21.0,118,186,0.634,202,407,0.496,1,2,0.5,2.9,1.0,45.5,Jr,9-Jun,2,2.66127,113.53,4.2,2014,21315,all,92.2,0.5092397,99.0,157.0,102.0,249.0,0.6306,0.4096,20.0,22.0,0.9091,36.0,101.845,98.8389,3.17589,180.952,0.522272,-0.0866158,0.608887,0.645986,30.0,0.962371,-0.316386,3.0,4.7059,7.7059,1.6176,0.5,0.9118,15.4412,PF/C,0.110601,1020.0,203,409,0.49755501222493886,0.5278,,,,,,,,,,,,,,,,,,,,2.2,,,,,,0.26260953545232274
JON BROCKMAN,Washington,P10,33,73.8,114.3,23.0,0.529,0.5572,15.3,25.7,7.7,14.8,122,193,0.632,184,347,0.53,0,1,0.0,0.3,1.6,55.5,Sr,7-Jun,,4.1925,124.026,4.0,2009,2266,all,94.4,0.61903513,,,,,,,,,,38.0,92.3011,85.6734,4.28044,232.291,6.56566,4.35632,2.20933,6.49657,30.8485,5.05423,1.44234,4.2424,7.303,11.5455,1.1818,0.9091,0.0909,14.8485,,0.0542852,1018.0005000000001,184,348,0.5287356321839081,0.5572,,,,,,,,,,,,,,,,,,,,5.9,,,,,,0.2946114942528736
JON LEUER,Wisconsin,B10,34,83.1,116.8,29.4,0.526,0.568,6.5,22.6,12.8,11.3,113,134,0.843,173,337,0.513,54,146,0.37,3.1,1.0,27.7,Sr,10-Jun,30.0,6.02112,137.105,2.6,2011,1932,all,84.0,1.03708601,57.0,75.0,116.0,262.0,0.76,0.4427,17.0,18.0,0.9444,40.0,98.659,91.8777,4.04456,196.596,6.9244,5.3846,1.5398,8.76528,33.5,7.50485,1.26043,1.6765,5.5588,7.2353,1.6471,0.5,0.8824,18.2647,PF/C,8.99234,1139.0,227,483,0.525879917184265,0.568,PF,82.0,223.2,23.3,0.054,84.0,105.5,8.75,9.8,29.5,36.5,10.82,,3.36,14.0,102.4%,85.3,135.0,142.0,6.0,,1.024390243902439,1.2865853658536586,2.2894265232974913,0.03319452706722189,0.29869979296066246
JONNY FLYNN,Syracuse,BE,37,90.7,111.9,24.9,0.506,0.5657,1.9,5.9,32.6,20.5,175,223,0.785,168,325,0.517,45,140,0.321,0.4,2.0,48.0,So,Jun-00,,5.36686,126.92,1.5,2009,2115,all,96.6,1.95277362,,,,,,,,,,6.0,103.602,97.009,3.68145,214.199,4.75927,5.21382,-0.454556,5.64943,37.4865,5.10228,0.547152,0.5946,2.2162,2.8108,6.7027,1.3514,0.1622,17.4595,,5.61545,1387.0004999999999,213,465,0.5064516129032258,0.5657,PG,71.25,195.6,27.1,0.063,76.0,95.5,,,33.0,40.0,10.86,,3.23,10.0,106.7%,,128.5,135.5,11.0,,1.0666666666666667,1.3403508771929824,2.044989775051125,0.03853000923361034,0.28649967741935484
JORDAN CLARKSON,Missouri,SEC,35,86.8,109.7,27.3,0.48100000000000004,0.5458,2.9,9.3,23.3,16.8,162,195,0.831,177,354,0.5,32,114,0.281,0.6,1.9,41.7,Jr,5-Jun,5,4.52479,125.247,2.5,2014,15896,all,59.0,1.26882698,118.0,186.0,59.0,169.0,0.6344,0.3491,10.0,11.0,0.9091,46.0,106.782,103.088,3.20357,194.678,3.34317,3.73257,-0.389393,3.62059,35.0857,3.71877,-0.0981812,0.8,3.0286,3.8286,3.3714,1.0857,0.1714,17.4857,Combo G,5.62763,1227.9995000000001,209,468,0.4807692307692308,0.5458,PG,75.25,186.3,23.1,0.043,80.0,98.0,8.25,9.0,33.0,38.5,10.76,2.98,3.28,,106.3%,74.3,131.0,136.5,12.1,,1.06312292358804,1.302325581395349,,0.03290029911369632,0.26240384615384615
JORDAN CRAWFORD,Xavier,A10,35,79.4,113.0,28.9,0.532,0.5643,3.4,12.0,20.1,14.7,119,154,0.773,181,361,0.501,79,202,0.391,0.6,2.4,27.4,So,4-Jun,55,5.2373,132.041,2.0,2010,1345,all,52.8,1.18821539,111.0,178.0,70.0,183.0,0.6236,0.3825,17.0,18.0,0.9444,27.0,97.334,93.4411,3.6428,213.404,7.51311,6.47642,1.0367,9.56247,32.7714,8.04605,1.51642,0.9714,3.7714,4.7429,2.8857,1.3429,0.2,20.5143,Combo G,10.0716,1146.999,260,563,0.5319715808170515,0.5643,SG,75.0,198.4,24.8,0.049,79.0,101.0,8.0,9.0,31.5,34.5,11.03,,3.37,7.0,105.3%,72.0,132.5,135.5,8.4,,1.0533333333333332,1.3466666666666667,1.2172379032258065,0.035271111111111114,0.30019156305506217
JORDAN HAMILTON,Texas,B12,36,80.0,113.6,27.1,0.522,0.55,7.0,18.5,14.6,14.3,95,122,0.779,153,318,0.481,90,234,0.385,1.8,1.6,22.1,So,7-Jun,3.0,4.90635,129.112,2.2,2011,11388,all,98.8,0.98700263,67.0,93.0,86.0,225.0,0.7204,0.3822,13.0,14.0,0.9286,26.0,89.7318,85.4175,4.60922,237.627,8.99992,6.17444,2.82548,10.7346,32.2222,8.31412,2.42047,2.0,5.6667,7.6667,2.1111,0.8611,0.6389,18.6389,Stretch 4,11.7651,1159.9992,243,552,0.5217391304347826,0.55,SF,78.75,228.4,25.9,0.098,81.5,104.0,9.0,9.3,25.0,32.0,11.47,,3.3,7.0,103.5%,83.3,129.0,136.0,4.7,,1.034920634920635,1.3206349206349206,0.9807355516637478,0.036829428067523304,0.28695652173913044
JORDAN HILL,Arizona,P10,34,86.3,108.9,28.0,0.537,0.5604,15.4,22.2,9.6,17.5,117,179,0.654,252,469,0.537,0,0,0.0,5.6,1.5,38.2,Jr,10-Jun,,5.25931,126.906,3.4,2009,215,all,83.0,0.51547548,,,,,,,,,,8.0,101.241,94.4767,3.92113,251.586,5.5629,3.55648,2.00643,4.59277,35.6765,4.56177,0.0309945,4.2059,6.8235,11.0294,1.4706,0.8824,1.7059,18.2647,,0.0,1213.001,252,469,0.5373134328358209,0.5604,PF-C,81.25,232.4,24.7,0.06,85.5,108.0,,,31.0,35.0,12.23,,3.3,11.0,105.2%,,139.0,143.0,6.8,,1.0523076923076924,1.3292307692307692,1.6566265060240963,0.03520378698224852,0.30111044776119406
JORDAN WILLIAMS,Maryland,ACC,33,81.3,110.8,23.7,0.5379999999999999,0.5523,12.6,26.0,3.9,11.5,131,228,0.575,213,396,0.538,0,0,0.0,4.1,1.2,57.6,So,10-Jun,20.0,3.87178,119.243,3.0,2011,12373,all,82.4,0.39623934,168.0,262.0,45.0,133.0,0.6412,0.3383,37.0,42.0,0.881,36.0,89.2014,84.9025,4.74152,263.04,3.64621,1.5545,2.0917,5.37986,32.5152,3.89937,1.4805,3.6667,8.0909,11.7576,0.6364,0.697,1.3636,16.8788,C,0.0,1073.0016,213,396,0.5378787878787878,0.5523,PF,79.75,247.2,27.3,0.121,84.25,106.5,9.25,10.0,25.0,30.5,12.74,,3.45,10.0,105.6%,92.5,131.5,137.0,6.5,,1.0564263322884013,1.335423197492163,1.2338187702265373,0.038867542575249846,0.29707045454545455
JOSH HARRELLSON,Kentucky,SEC,38,71.0,131.3,13.7,0.615,0.6159,15.2,18.9,5.1,11.3,33,56,0.589,125,198,0.631,2,10,0.2,5.2,2.0,26.9,Sr,10-Jun,55.0,4.03258,125.838,3.4,2011,7227,all,46.2,1.07152549,101.0,128.0,24.0,70.0,0.7891,0.3429,18.0,19.0,0.9474,45.0,91.5978,86.3839,3.99637,234.113,10.4143,5.62008,4.7942,7.83255,28.5,4.69384,3.13871,3.6842,4.9737,8.6579,0.7895,0.9211,1.5,7.6053,C,0.556507,1083.0,127,208,0.6153846153846154,0.6159,,,,,,,,,,,,,,,,,,,,6.6,,,,,,0.37901538461538464
JOSH RICHARDSON,Tennessee,SEC,32,90.4,110.7,25.3,0.519,0.5602,2.9,13.2,24.4,18.9,99,124,0.798,138,271,0.509,46,128,0.359,2.0,3.8,31.1,Sr,6-Jun,1.0,4.88145,124.294,2.7,2015,20063,all,51.0,1.35298553,49.0,71.0,89.0,200.0,0.6901,0.445,8.0,8.0,1.0,40.0,101.953,97.3721,3.76925,210.401,5.88059,4.44294,1.43766,7.4839,36.3125,5.35188,2.13202,0.875,3.5938,4.4688,3.5938,2.0938,0.5,16.0312,Combo G,7.20117,1162.0,184,399,0.518796992481203,0.5602,,,,,,,,,,,,,,,,,,,,7.3,,,,,,0.29063007518796996
JRUE HOLIDAY,UCLA,P10,35,67.6,107.2,20.5,0.504,0.5315,6.0,11.8,23.8,23.4,45,62,0.726,85,161,0.528,27,88,0.307,2.1,3.5,24.9,Fr,3-Jun,,2.69889,113.024,3.2,2009,5415,all,99.6,1.71995891,,,,,,,,,,17.0,95.4139,90.0492,3.39905,183.665,8.33521,4.49208,3.84313,6.74022,27.1429,3.30703,3.43319,1.2571,2.5143,3.7714,3.6857,1.5714,0.5143,8.4571,,5.62457,950.0015000000001,112,249,0.5040160642570282,0.5315,PG-SG,75.25,199.0,24.7,0.063,79.0,100.5,,,28.5,34.0,10.64,,3.21,6.0,105.0%,,129.0,134.5,9.4,,1.0498338870431894,1.3355481727574752,1.0251256281407035,0.03514309996578404,0.26788453815261043
JUSTIN ANDERSON,Virginia,ACC,26,52.8,120.5,22.0,0.5720000000000001,0.6097,3.1,14.5,14.0,13.2,64,82,0.78,56,117,0.479,47,104,0.452,2.5,1.6,37.1,Jr,6-Jun,1.0,4.20367,129.325,1.7,2015,28488,all,90.2,1.45164815,44.0,66.0,12.0,51.0,0.6667,0.2353,18.0,21.0,0.8571,21.0,88.5752,84.0094,4.15299,121.798,9.76844,5.49031,4.27813,11.5827,27.8462,7.23767,4.34501,0.6538,3.3846,4.0385,1.7308,0.6538,0.5385,12.1923,Wing G,9.77045,724.0012,103,221,0.5723981900452488,0.6097,SF-SG,77.25,230.6,27.2,0.05,83.75,101.0,8.5,9.5,38.0,43.0,11.13,2.88,3.22,12.0,108.4%,80.8,139.0,144.0,5.0,,1.0841423948220066,1.307443365695793,2.237640936686904,0.038642242959332225,0.34899117647058825
JUSTISE WINSLOW,Duke,ACC,39,72.3,112.2,22.4,0.551,0.5720000000000001,5.4,19.8,13.2,16.8,100,156,0.641,127,246,0.516,46,110,0.418,2.9,2.8,43.8,Fr,6-Jun,12.0,3.7048,122.324,3.8,2015,38640,all,97.6,1.15495747,112.0,163.0,15.0,85.0,0.6871,0.1765,24.0,25.0,0.96,10.0,92.0154,85.5702,4.19758,246.908,9.53879,4.7201,4.8187,9.03031,29.1026,4.83748,4.19282,1.2564,5.2051,6.4615,2.1026,1.3333,0.8718,12.6154,Wing G,5.83216,1135.0013999999999,173,356,0.550561797752809,0.5720000000000001,SF,76.5,221.8,26.6,0.053,82.25,104.5,8.5,9.3,,,,,,,107.5%,78.6,,,9.2,,1.0751633986928104,1.3660130718954249,,0.037899953009526255,0.3149213483146068
KJ MCDANIELS,Clemson,ACC,36,82.4,111.4,28.5,0.505,0.5665,8.8,15.9,12.7,16.0,154,183,0.842,167,317,0.527,42,138,0.304,8.9,2.3,40.2,Jr,5-Jun,32,4.53266,127.291,2.6,2014,22137,all,55.4,0.68671931,110.0,157.0,57.0,159.0,0.7006,0.3585,57.0,62.0,0.9194,32.0,89.9203,86.1852,4.97791,249.001,10.9635,4.07653,6.88702,12.3738,33.6667,7.23211,5.1417,2.3889,4.6944,7.0833,1.5833,1.1389,2.7778,17.0556,Stretch 4,7.57458,1212.0012,209,455,0.5054945054945055,0.5665,SF,76.5,195.6,23.5,0.045,83.25,102.0,8.75,9.8,33.0,37.0,12.71,3.2,3.1,,108.8%,85.3,135.0,139.0,7.6,,1.088235294117647,1.3333333333333333,,0.03342304241958221,0.28636263736263734
KARL-ANTHONY TOWNS,Kentucky,SEC,39,52.3,122.7,24.2,0.57,0.6272,14.1,22.2,11.5,16.6,109,134,0.813,143,248,0.577,2,8,0.25,11.4,1.4,52.3,Fr,11-Jun,12.0,3.68761,136.184,5.6,2015,35836,all,99.2,0.8301693,87.0,121.0,56.0,128.0,0.719,0.4375,22.0,24.0,0.9167,1.0,77.2779,73.2127,3.93509,202.777,14.8828,5.63939,9.24336,13.1262,21.1282,6.31975,6.80643,2.359,4.3333,6.6923,1.1282,0.4615,2.2564,10.2821,C,0.606421,823.9997999999999,145,256,0.5703125,0.6272,,,,,,,,,,,,,,,,,,,,23.8,,,,,,0.35769999999999996
KAWHI LEONARD,San Diego St.,MWC,34,79.6,108.7,27.7,0.46299999999999997,0.5078,11.4,25.9,16.4,15.1,110,145,0.759,175,371,0.472,23,81,0.284,1.9,2.8,32.1,So,6-Jun,15.0,4.36317,123.31,3.1,2011,13395,all,88.8,1.15998007,78.0,98.0,97.0,272.0,0.7959,0.3566,19.0,19.0,1.0,15.0,85.3916,81.558,5.15728,263.03,8.2352,3.75988,4.47532,8.27578,33.0,5.00299,3.27279,3.1765,7.5294,10.7059,2.5588,1.4706,0.5882,15.5588,PF/C,4.51629,1122.0,198,452,0.46349557522123896,0.5078,SF,78.0,227.4,26.3,0.054,87.0,106.0,9.75,11.3,25.5,32.0,11.45,,3.15,3.0,111.5%,109.7,131.5,138.0,11.6,,1.1153846153846154,1.358974358974359,0.42216358839050133,0.0373767258382643,0.23536305309734515
KELLY OLYNYK,Gonzaga,WCC,31,60.3,123.5,30.4,0.644,0.6783,11.8,20.1,15.1,18.4,131,168,0.78,201,304,0.661,9,29,0.31,5.1,1.6,50.5,Jr,Jul-00,13,5.57364,144.627,3.5,2013,11882,all,,0.6933124,152.0,212.0,48.0,91.0,0.717,0.5275,25.0,28.0,0.8929,13.0,89.4414,86.1418,3.64964,173.399,11.7494,7.28581,4.46361,13.6199,26.4516,10.4448,3.17511,2.4194,4.8387,7.2581,1.6774,0.6774,1.129,18.0645,PF/C,2.16121,819.9996,210,333,0.6441441441441441,0.6783,PF-C,82.75,234.0,24.0,0.067,81.75,108.0,8.5,10.0,24.5,29.5,11.42,2.99,3.59,5.0,98.8%,85.0,132.5,137.5,10.7,,0.9879154078549849,1.3051359516616314,0.6303418803418803,0.034172743950858425,0.43692297297297295
KELLY OUBRE,Kansas,B12,36,52.3,108.7,22.0,0.512,0.5545,6.4,19.2,8.1,15.4,79,110,0.718,76,153,0.497,34,95,0.358,1.8,3.3,44.4,Fr,7-Jun,12.0,2.53323,120.287,3.8,2015,34389,all,98.8,0.65120567,48.0,77.0,28.0,75.0,0.6234,0.3733,17.0,22.0,0.7727,15.0,91.621,85.3856,3.05119,169.756,7.34174,3.84099,3.50074,7.65254,21.0,4.12848,3.52406,1.1389,3.8333,4.9722,0.7778,1.1389,0.3611,9.25,Wing F,7.49046,756.0,110,248,0.5120967741935484,0.5545,SF-SG,77.75,202.8,23.6,0.057,86.25,102.5,9.0,8.8,34.5,37.0,11.09,3.12,3.32,7.0,110.9%,78.8,137.0,139.5,3.8,,1.1093247588424437,1.3183279742765273,1.277120315581854,0.03354804023945162,0.28395766129032257
KEMBA WALKER,Connecticut,BE,41,92.4,117.8,31.5,0.478,0.5429999999999999,3.9,11.5,28.0,11.8,258,315,0.819,241,512,0.471,75,227,0.33,0.5,3.1,42.6,Jr,1-Jun,15.0,7.49948,143.405,1.5,2011,9075,all,97.8,1.9784861,115.0,196.0,126.0,316.0,0.5867,0.3987,3.0,3.0,1.0,9.0,97.6871,91.1048,4.59401,280.051,11.104,9.07703,2.02696,12.3485,37.6341,9.21951,3.12896,1.2927,4.1463,5.439,4.4878,1.878,0.1707,23.5366,Scoring PG,9.04886,1542.9980999999998,316,739,0.4783491204330176,0.5429999999999999,PG,71.5,184.0,25.3,0.059,75.5,91.5,8.0,9.0,32.0,39.5,10.87,,3.16,7.0,105.6%,72.0,123.5,131.0,11.4,,1.055944055944056,1.2797202797202798,1.502717391304348,0.0359919800479241,0.2597435723951285
KENDALL MARSHALL,North Carolina,ACC,36,77.9,113.3,17.1,0.529,0.5579999999999999,0.5,7.3,45.1,27.2,55,79,0.696,77,146,0.527,28,79,0.354,0.5,2.0,35.1,So,4-Jun,5.0,3.24086,112.651,1.9,2012,16380,all,94.8,3.47519256,35.0,53.0,42.0,93.0,0.6604,0.4516,0.0,0.0,,13.0,96.8536,92.3192,3.89671,205.986,4.08958,4.03505,0.0545312,5.85357,33.0,3.6269,2.22666,0.1667,2.4444,2.6111,9.75,1.1944,0.1667,8.1389,Pure PG,3.63065,1188.0,105,225,0.5288888888888889,0.5579999999999999,PG,75.25,198.4,24.6,0.078,77.5,96.0,8.5,9.0,31.0,37.0,12.03,,3.23,,103.0%,76.5,127.0,133.0,4.1,,1.0299003322259137,1.2757475083056478,,0.03503714087040982,0.29511999999999994
KENNETH FARIED,Morehead St.,OVC,32,87.0,115.1,25.7,0.61,0.6098,19.9,30.9,7.3,18.2,136,235,0.579,208,341,0.61,0,0,0.0,8.1,3.4,68.9,Sr,8-Jun,35.0,4.43391,121.634,3.6,2011,1626,all,,0.38822381,163.0,231.0,45.0,110.0,0.7056,0.4091,70.0,74.0,0.9459,22.0,85.7528,86.3437,4.9022,292.319,8.56669,3.36034,5.20634,8.29385,35.2188,6.15886,2.13499,5.75,8.625,14.375,1.0312,1.9062,2.1875,17.25,C,0.0,1127.0016,208,341,0.6099706744868035,0.6098,PF,78.0,224.6,26.0,0.063,84.0,108.0,8.5,10.3,30.5,35.0,11.35,,3.26,16.0,107.7%,87.1,138.5,143.0,15.3,,1.0769230769230769,1.3846153846153846,2.4933214603739984,0.03691650230111768,0.3719601173020528
KENTAVIOUS CALDWELL-POPE,Georgia,SEC,32,83.5,112.7,27.2,0.53,0.5791,4.3,19.7,16.8,13.8,135,169,0.799,102,205,0.498,84,225,0.373,1.9,3.8,39.3,So,5-Jun,1,5.12839,128.133,2.6,2013,21152,all,97.8,0.90625,63.0,94.0,39.0,112.0,0.6702,0.3482,15.0,16.0,0.9375,8.0,89.8474,87.0285,4.50765,245.772,10.4573,7.10835,3.34899,12.3303,33.9375,8.44938,3.88088,1.1562,5.9062,7.0625,1.8125,2.0312,0.5312,18.4688,Wing G,13.215,1086.0,186,430,0.5302325581395348,0.5791,SG,76.5,203.6,24.5,0.065,80.0,100.5,8.5,9.0,29.0,34.5,10.6,3.2,3.12,7.0,104.6%,76.5,129.5,135.0,5.6,,1.0457516339869282,1.3137254901960784,1.1861493123772102,0.03479003801956512,0.3070576744186046
KIM ENGLISH,Missouri,B12,35,83.6,120.8,18.9,0.64,0.6584,3.4,11.9,8.6,16.0,87,120,0.725,93,158,0.589,78,170,0.459,0.9,2.3,36.6,Sr,6-Jun,24.0,4.48006,122.944,2.8,2012,9696,all,74.8,0.94916057,53.0,69.0,40.0,89.0,0.7681,0.4494,0.0,1.0,0.0,44.0,100.87,97.7854,3.31557,201.059,7.17425,6.4108,0.763449,6.17018,33.5714,5.52157,0.648612,0.8571,3.3714,4.2286,1.6,1.2857,0.2857,14.4857,Wing G,8.70585,1174.9989999999998,171,328,0.6402439024390244,0.6584,SG,76.5,192.0,23.1,0.043,78.5,98.0,8.5,8.8,29.0,36.5,10.59,,3.33,,102.6%,74.4,127.0,134.5,2.5,,1.026143790849673,1.2810457516339868,,0.0328078943995899,0.42153658536585364
KLAY THOMPSON,Washington St.,P10,34,83.0,107.6,31.9,0.525,0.5737,2.6,14.0,25.0,17.8,155,185,0.838,142,305,0.466,98,246,0.398,3.1,2.8,33.6,Jr,6-Jun,1.0,5.10318,127.806,3.4,2011,8716,all,91.8,1.10433421,66.0,110.0,76.0,195.0,0.6,0.3897,8.0,8.0,1.0,11.0,95.6906,90.6275,4.32507,240.14,8.36312,5.57615,2.78698,9.38485,34.6765,6.81102,2.57382,0.7353,4.5,5.2353,3.7353,1.6471,0.9412,21.5588,Combo G,12.2598,1179.001,240,551,0.5245009074410163,0.5737,SG,77.75,205.6,23.9,0.08,81.0,103.5,8.75,9.3,26.5,31.5,10.99,,3.24,5.0,104.2%,80.9,130.0,135.0,10.2,,1.0418006430868167,1.3311897106109325,0.7660505836575876,0.034011228171751735,0.30090617059891106
KRIS DUNN,Providence,BE,33,76.9,103.6,29.3,0.499,0.5406,3.5,14.8,41.8,20.9,132,190,0.695,142,298,0.477,42,113,0.372,1.9,4.3,46.2,Jr,4-Jun,3.0,3.91571,121.573,3.4,2016,25358,all,97.0,1.77583078,99.0,157.0,42.0,138.0,0.6306,0.3043,27.0,29.0,0.931,5.0,93.8582,88.3916,4.5888,255.725,9.73839,4.74338,4.99501,9.52919,32.9697,4.58362,4.94557,1.0909,4.2424,5.3333,6.2424,2.4848,0.6061,16.4242,Pure PG,5.95801,1088.0001000000002,184,411,0.49878345498783455,0.5406,PG,75.0,0.0,0.0,,81.5,100.0,,,,,,,,,108.7%,,,,5.8,,1.0866666666666667,1.3333333333333333,,0.0,0.2696423357664233
KYLE ANDERSON,UCLA,P12,36,80.3,110.6,26.0,0.517,0.5661999999999999,4.5,25.5,34.3,20.2,137,186,0.737,153,319,0.48,28,58,0.483,2.7,3.1,49.3,So,9-Jun,5.0,4.14984,123.681,2.0,2014,26311,all,99.6,2.11814376,56.0,88.0,97.0,229.0,0.6364,0.4236,7.0,7.0,1.0,30.0,94.3457,90.2755,4.543,282.93,9.78061,4.28947,5.49115,9.99905,33.2222,6.03776,3.96129,1.25,7.5,8.75,6.4722,1.7778,0.75,14.6389,Wing F,2.7613,1195.9992,181,377,0.5172413793103449,0.5661999999999999,SF,79.5,230.1,25.6,0.134,86.75,107.5,8.25,8.8,,,,,,,109.1%,72.2,,,3.7,,1.0911949685534592,1.3522012578616351,,0.036406787706182504,0.2928620689655172
KYLE OQUINN,Norfolk St.,MEAC,34,77.2,113.8,25.0,0.596,0.63,11.6,25.0,11.2,19.5,150,213,0.704,187,301,0.621,6,28,0.214,9.1,1.1,64.7,Sr,10-Jun,10.0,3.519,117.174,4.1,2012,8774,all,,0.56181236,140.0,187.0,47.0,114.0,0.7487,0.4123,38.0,38.0,1.0,49.0,91.3461,93.0869,3.56579,255.631,6.66757,1.93795,4.72962,5.50635,31.2353,3.33678,2.16957,3.0294,7.0882,10.1176,1.4706,0.5882,2.7059,15.9412,C,1.53767,1062.0002,193,329,0.5957446808510638,0.63,PF,80.5,240.8,26.1,0.08,88.75,106.5,9.5,10.0,31.5,31.5,11.65,,3.53,,110.2%,95.0,138.0,138.0,6.7,,1.1024844720496894,1.3229813664596273,,0.037159060221442074,0.3753191489361702
KYRIE IRVING,Duke,ACC,11,20.5,130.5,27.2,0.615,0.6970000000000001,2.3,10.6,29.8,18.6,64,71,0.901,37,65,0.569,18,39,0.462,1.8,3.0,68.3,Fr,2-Jun,1.0,6.12884,149.048,3.0,2011,18579,all,99.8,1.74076183,26.0,39.0,11.0,26.0,0.6667,0.4231,0.0,0.0,,1.0,91.7011,87.1588,3.80115,61.4034,12.1928,9.40502,2.78781,13.8646,27.5455,9.48637,4.37825,0.5455,2.8182,3.3636,4.2727,1.4545,0.5455,17.4545,Scoring PG,7.29491,303.0005,55,104,0.6153846153846154,0.6970000000000001,PG,73.75,191.0,24.7,0.102,76.0,99.0,8.25,9.3,,,,,,,103.1%,76.3,,,17.7,,1.0305084745762711,1.3423728813559321,,0.03511634587762137,0.42892307692307696
LANDRY FIELDS,Stanford,P10,32,90.3,110.3,31.0,0.519,0.5604,7.9,20.6,19.6,13.6,179,257,0.696,219,420,0.521,29,86,0.337,2.3,2.6,50.8,Sr,7-Jun,2,5.76639,130.526,2.2,2010,1416,all,51.2,1.07224916,126.0,186.0,93.0,233.0,0.6774,0.3991,27.0,32.0,0.8438,39.0,97.9116,93.4292,4.14431,252.206,8.93532,5.67647,3.25885,10.602,36.25,8.16358,2.43847,2.5312,6.2188,8.75,2.7812,1.5938,0.7812,22.0,Wing F,4.37195,1160.0,248,506,0.5187747035573123,0.5604,,,,,,,,,,,,,,,,,,,,13.7,,,,,,0.2907213438735178
LARRY NANCE,Wyoming,MWC,29,77.3,106.3,27.9,0.527,0.5766,6.2,20.5,19.7,15.9,113,144,0.785,162,306,0.529,14,41,0.341,4.3,2.3,41.5,Sr,8-Jun,22.0,3.96967,118.033,2.6,2015,20039,all,,1.08569153,93.0,118.0,69.0,188.0,0.7881,0.367,46.0,50.0,0.92,27.0,91.6832,91.8035,4.33077,203.468,5.38939,1.53945,3.84994,6.40162,34.9032,3.6465,2.75512,1.4194,5.8065,7.2258,2.4516,1.1935,1.1935,16.0645,Wing F,2.66722,1012.1927999999999,176,347,0.5273775216138329,0.5766,PF,79.5,226.6,25.2,0.064,85.5,108.0,9.0,9.8,29.0,37.5,10.93,3.01,3.25,10.0,107.5%,87.8,137.0,145.5,9.3,,1.0754716981132075,1.3584905660377358,1.6548984995586937,0.03585301214350698,0.304085878962536
LARRY SANDERS,VCU,CAA,35,64.9,112.8,26.1,0.54,0.5635,13.1,25.2,7.7,13.8,107,167,0.641,192,351,0.547,4,16,0.25,9.1,1.6,45.5,Jr,11-Jun,1,3.64413,123.845,4.4,2010,3246,all,29.4,0.58620484,137.0,199.0,55.0,152.0,0.6884,0.3618,59.0,63.0,0.9365,15.0,89.8001,88.9952,3.47458,228.258,6.40892,2.22981,4.17911,6.33735,26.8857,4.31436,2.02299,3.0286,6.0857,9.1143,0.9714,0.7429,2.5714,14.3714,C,0.997726,940.9995,196,367,0.5395095367847411,0.5635,PF-C,81.25,222.4,23.7,0.046,89.75,112.0,9.75,11.0,25.5,28.0,12.49,,3.27,7.0,110.5%,107.3,137.5,140.0,5.6,,1.1046153846153846,1.3784615384615384,0.8812949640287769,0.033688994082840235,0.30401362397820164
LAVOY ALLEN,Temple,A10,33,81.5,107.7,20.1,0.488,0.519,9.3,20.2,13.6,14.7,69,99,0.697,149,304,0.49,5,17,0.294,5.4,1.3,30.8,Sr,9-Jun,24.0,2.94744,110.239,2.7,2011,1089,all,78.8,1.38884142,93.0,122.0,56.0,182.0,0.7623,0.3077,15.0,16.0,0.9375,50.0,92.0014,89.5171,4.35626,227.605,5.87426,1.2803,4.59396,5.00454,33.9394,2.33665,2.66789,2.6667,5.9091,8.5758,2.2727,0.697,1.8485,11.5758,PF/C,0.92556,1120.0002,154,321,0.48753894080996885,0.519,,,,,,,,,,,,,,,,,,,,7.2,,,,,,0.25303271028037383
LAZAR HAYWARD,Marquette,BE,34,79.5,108.1,29.6,0.495,0.5363,8.2,21.3,11.2,12.9,107,127,0.843,157,328,0.479,65,186,0.349,1.7,3.6,24.7,Sr,6-Jun,32,4.54967,125.739,4.2,2010,1257,all,85.2,0.77610879,92.0,138.0,65.0,190.0,0.6667,0.3421,10.0,10.0,1.0,30.0,92.9318,87.7798,4.27275,240.072,6.82767,4.14841,2.67926,6.648,32.2647,4.82618,1.82182,2.1176,5.4118,7.5294,1.5294,1.8824,0.5294,18.1176,Wing F,10.5698,1096.9997999999998,222,514,0.49513618677042803,0.5363,SG-SF,76.5,225.8,27.1,0.075,84.75,102.0,9.25,9.5,31.0,36.0,10.87,,3.31,15.0,110.8%,87.9,133.0,138.0,3.6,,1.107843137254902,1.3333333333333333,2.391496899911426,0.03858345080951771,0.26554153696498056
LESTER HUDSON,Tennessee Martin,OVC,30,90.6,115.3,35.5,0.517,0.56,6.5,18.3,27.3,15.0,144,164,0.878,197,381,0.517,98,284,0.345,1.7,3.3,24.7,Sr,3-Jun,,6.26497,134.098,3.0,2009,1026,all,,1.21567639,,,,,,,,,,58.0,96.5284,97.8724,3.56984,247.094,9.11737,7.93,1.18737,11.5818,36.5333,10.4465,1.1353,2.2,5.8667,8.0667,4.1333,2.1,0.6,27.7333,,14.7906,1095.9989999999998,295,665,0.5172932330827068,0.56,,,,,,,,,,,,,,,,,,,,2.1,,,,,,0.2896842105263158
LUKE HARANGODY,Notre Dame,BE,30,69.9,113.0,31.8,0.506,0.5519,8.3,24.2,11.8,10.6,140,178,0.787,219,426,0.514,25,81,0.309,2.1,0.9,35.1,Sr,8-Jun,44,5.59259,133.597,2.8,2010,3225,all,82.4,0.8703889,113.0,171.0,106.0,255.0,0.6608,0.4157,10.0,12.0,0.8333,52.0,103.004,98.5961,3.17934,184.54,3.39615,3.98874,-0.592593,5.02742,32.9667,6.06659,-1.03917,2.2333,6.8667,9.1,1.5667,0.4667,0.6667,21.7667,PF/C,5.07366,989.0010000000001,244,507,0.5059171597633136,0.5519,PF,78.0,240.2,27.8,0.111,81.5,106.0,8.75,9.8,24.0,28.5,11.83,,3.41,23.0,104.5%,85.3,130.0,134.5,5.1,,1.044871794871795,1.358974358974359,2.728975853455454,0.039480604865220245,0.27921568047337275
MALCOLM BROGDON,Virginia,ACC,37,85.1,120.0,26.8,0.532,0.5848,2.1,13.3,19.5,10.0,140,156,0.897,155,311,0.498,75,192,0.391,0.9,1.8,31.0,Sr,5-Jun,15.0,5.99104,137.708,2.4,2016,33335,all,80.6,2.21154109,89.0,137.0,66.0,174.0,0.6496,0.3793,5.0,5.0,1.0,36.0,98.9573,92.0084,4.36185,203.837,9.49229,7.27731,2.21498,10.2715,34.1351,7.60734,2.66417,0.5135,3.5405,4.0541,3.1081,0.9459,0.2432,18.2432,Combo G,9.86277,1262.9987,230,503,0.5318091451292246,0.5848,SG,75.75,223.0,27.3,0.054,82.5,98.0,9.0,10.3,30.5,35.5,10.77,2.64,3.31,,108.9%,92.3,128.5,133.5,10.1,,1.0891089108910892,1.2937293729372936,,0.03886329226982104,0.31100198807157053
MALCOLM LEE,UCLA,P10,33,79.5,110.4,19.5,0.49700000000000005,0.5531,2.6,7.8,12.9,15.3,112,144,0.778,102,191,0.534,39,132,0.295,0.6,1.2,44.6,Jr,5-Jun,3.0,3.33702,114.292,2.9,2011,5037,all,93.6,1.21815557,81.0,117.0,21.0,74.0,0.6923,0.2838,8.0,10.0,0.8,43.0,103.225,97.7746,3.31286,154.561,3.37672,3.00375,0.372973,2.51252,33.1212,1.73972,0.772795,0.697,2.3636,3.0606,2.0303,0.6364,0.2121,13.1212,Wing G,7.13763,1092.9996,141,323,0.4969040247678019,0.5531,SG,76.0,198.2,24.1,0.059,81.75,101.5,8.5,9.5,30.0,35.5,11.2,,3.09,17.0,107.6%,80.8,131.5,137.0,3.9,,1.075657894736842,1.3355263157894737,3.0449041372351164,0.03431440443213296,0.27483761609907126
MARCUS SMART,Oklahoma St.,B12,31,72.9,110.4,29.9,0.486,0.5518,5.1,14.9,30.1,15.4,182,250,0.728,114,222,0.514,49,164,0.299,1.9,5.0,64.8,So,4-Jun,33.0,4.59939,129.023,3.6,2014,24959,all,98.2,1.80485405,78.0,110.0,36.0,113.0,0.7091,0.3186,16.0,18.0,0.8889,6.0,91.3572,87.4668,4.69701,246.092,11.9444,7.06262,4.88179,10.9329,32.7097,5.92469,5.00823,1.4194,4.4839,5.9032,4.7742,2.871,0.5806,17.9677,Scoring PG,9.21149,1014.0006999999999,163,386,0.48575129533678757,0.5518,PG,74.0,227.2,29.2,0.106,81.25,99.0,9.0,8.8,33.0,36.0,10.82,2.96,3.26,,109.8%,78.8,132.0,135.0,9.4,,1.097972972972973,1.337837837837838,,0.041490138787436084,0.2680375647668394
MARKEL BROWN,Oklahoma St.,B12,34,86.4,118.2,22.5,0.541,0.5909,3.5,12.9,16.9,11.6,149,194,0.768,135,257,0.525,55,145,0.379,3.1,1.6,48.3,Sr,3-Jun,22,4.74373,127.239,2.9,2014,18415,all,71.8,1.80007417,82.0,119.0,53.0,138.0,0.6891,0.3841,28.0,31.0,0.9032,44.0,99.2219,94.435,4.22725,215.685,7.09476,4.66915,2.42562,7.84265,35.3235,5.71776,2.12489,1.0588,4.2059,5.2647,2.9118,1.0,1.0294,17.1765,Wing G,6.87176,1200.999,190,402,0.5410447761194029,0.5909,SG,74.5,184.4,23.4,0.042,80.75,100.0,8.25,9.8,36.5,43.5,12.62,2.9,3.18,,108.4%,80.4,136.5,143.5,5.0,,1.0838926174496644,1.342281879194631,,0.03322372866087113,0.3197033582089552
MARKIEFF MORRIS,Kansas,B12,38,60.7,118.0,25.2,0.627,0.6416,13.9,24.7,11.0,19.0,103,153,0.673,170,272,0.625,25,59,0.424,4.9,1.9,46.2,Jr,10-Jun,21.0,3.81565,130.2,4.7,2011,4369,all,76.6,0.67947974,128.0,168.0,42.0,104.0,0.7619,0.4038,47.0,50.0,0.94,13.0,87.4686,82.7681,3.72177,223.462,10.6049,5.65606,4.94879,9.37206,24.3684,6.16321,3.20885,2.7105,5.6053,8.3158,1.3947,0.7895,1.1316,13.6316,PF/C,3.61883,925.9992000000001,195,331,0.6268882175226587,0.6416,PF,79.75,240.8,26.6,0.102,82.75,106.5,8.5,8.3,27.0,31.5,,,3.4,11.0,103.8%,70.1,133.5,138.0,8.4,,1.0376175548589341,1.335423197492163,1.438953488372093,0.03786126315582591,0.4022114803625378
MARQUESE CHRISS,Washington,P12,34,61.2,109.3,23.7,0.562,0.5864,9.8,11.7,6.3,17.6,89,130,0.685,159,279,0.57,21,60,0.35,5.9,1.9,38.3,Fr,9-Jun,0.0,2.76195,119.496,6.5,2016,39876,all,88.6,0.37681086,102.0,145.0,56.0,133.0,0.7034,0.4211,52.0,65.0,0.8,8.0,100.93,96.5835,2.74802,179.644,4.54953,2.03066,2.51887,4.24068,24.9118,2.60641,1.63427,2.5,2.8824,5.3824,0.7647,0.9412,1.6176,13.8235,PF/C,3.61537,847.0011999999999,180,339,0.5619469026548672,0.5864,PF,80.75,233.0,25.1,0.085,84.25,105.0,9.0,9.0,32.5,38.5,11.93,3.05,3.26,,104.3%,81.0,137.5,143.5,6.2,,1.043343653250774,1.3003095975232197,,0.03573311351589683,0.3295256637168142
MARQUIS TEAGUE,Kentucky,SEC,40,81.4,99.8,21.0,0.449,0.49079999999999996,1.6,6.7,25.5,23.8,85,119,0.714,119,272,0.438,26,80,0.325,0.8,1.7,33.8,Fr,2-Jun,25,2.48876,106.366,2.8,2012,22365,all,99.0,1.75229367,86.0,155.0,33.0,117.0,0.5548,0.2821,7.0,7.0,1.0,29.0,97.6421,92.8966,3.78126,188.101,2.43779,2.24767,0.190118,1.21593,32.575,0.654154,0.561773,0.425,2.1,2.525,4.775,0.925,0.275,10.025,Scoring PG,3.66555,1303.0,145,352,0.44886363636363635,0.49079999999999996,PG,73.0,179.8,23.7,0.063,79.25,96.5,8.25,7.8,32.5,40.5,10.65,,3.19,8.0,108.6%,63.9,129.0,137.0,2.3,,1.0856164383561644,1.321917808219178,1.8020022246941045,0.03373991367986489,0.2203022727272727
MARSHON BROOKS,Providence,BE,32,90.9,115.3,29.6,0.542,0.5837,6.3,14.2,16.0,15.7,169,219,0.772,209,374,0.559,67,197,0.34,3.0,2.3,38.4,Sr,5-Jun,2.0,6.27387,134.656,2.7,2011,14026,all,40.8,0.81632653,144.0,212.0,65.0,162.0,0.6792,0.4012,27.0,27.0,1.0,25.0,103.053,98.7339,3.5569,228.498,6.65104,5.90991,0.741129,9.58382,36.5,8.53793,1.04589,2.25,4.7812,7.0312,2.5,1.5,1.2188,24.625,Wing G,9.35137,1168.0,276,571,0.542031523642732,0.5837,SG,76.25,194.6,23.5,0.052,85.0,101.0,9.0,10.5,34.0,38.5,10.74,,3.09,5.0,111.5%,94.5,135.0,139.5,10.5,,1.1147540983606556,1.3245901639344262,0.9892086330935252,0.033470572426766994,0.31638380035026265
MASON PLUMLEE,Duke,ACC,36,86.7,113.1,25.1,0.599,0.628,9.8,23.3,11.5,19.2,173,254,0.681,221,369,0.599,0,0,0.0,4.0,1.7,68.8,Sr,10-Jun,5,5.15183,126.731,2.9,2013,12278,all,94.8,0.67959875,169.0,228.0,52.0,141.0,0.7412,0.3688,83.0,92.0,0.9022,22.0,90.9172,84.9855,4.9222,282.551,8.66358,3.98273,4.68084,8.41895,34.6667,5.39624,3.0227,2.75,7.2222,9.9722,1.9444,1.0,1.4444,17.0833,C,0.0,1248.0012,221,369,0.5989159891598916,0.628,C-PF,83.25,238.2,24.2,0.062,83.0,108.0,9.75,9.5,30.5,36.0,10.89,2.76,3.29,14.0,99.7%,92.6,138.5,144.0,10.6,,0.996996996996997,1.2972972972972974,2.115869017632242,0.03436950463977491,0.37611924119241197
MEYERS LEONARD,Illinois,B10,32,78.6,112.5,22.0,0.586,0.6177,9.1,23.5,9.9,18.7,93,127,0.732,169,280,0.604,1,11,0.091,6.9,0.9,43.6,So,Jul-00,12.0,3.80973,119.265,3.7,2012,17125,all,94.2,0.63237645,109.0,144.0,60.0,136.0,0.7569,0.4412,51.0,56.0,0.9107,11.0,94.6348,88.2181,4.16046,210.3,6.54568,1.57784,4.96784,6.26746,31.8125,3.03494,3.23251,2.2812,5.9062,8.1875,1.3438,0.4688,1.875,13.5625,C,0.667608,1018.0,170,291,0.5859106529209622,0.6177,C,83.75,249.8,25.0,0.057,87.0,108.0,9.25,11.0,30.0,32.5,11.34,,3.41,19.0,103.9%,101.8,138.0,140.5,7.6,,1.0388059701492538,1.2895522388059701,2.4719775820656524,0.035614167966139455,0.36191701030927836
MICHAEL CARTER-WILLIAMS,Syracuse,BE,40,87.5,102.6,24.4,0.43799999999999994,0.4913,4.0,11.1,40.2,24.1,129,186,0.694,120,274,0.438,35,120,0.292,1.7,4.8,47.2,So,6-Jun,1,3.78583,115.092,2.6,2013,23112,all,95.0,2.14705882,86.0,146.0,34.0,126.0,0.589,0.2698,20.0,24.0,0.8333,11.0,86.8313,82.318,5.29067,299.662,9.12808,4.84479,4.28329,8.82116,35.2,3.95766,4.86349,1.275,3.6,4.875,7.3,2.775,0.475,11.85,Pure PG,5.16731,1408.0,155,394,0.43781725888324874,0.4913,PG,76.75,184.4,22.0,0.044,79.25,101.0,7.5,8.5,31.5,41.0,10.68,3.7,3.22,8.0,103.3%,63.8,132.5,142.0,17.6,,1.0325732899022801,1.3159609120521172,1.7787418655097613,0.031304310921070784,0.2150996192893401
MICHAEL KIDD-GILCHRIST,Kentucky,SEC,40,77.8,111.8,21.3,0.511,0.5705,10.3,16.1,10.8,19.6,143,192,0.745,147,275,0.535,13,51,0.255,2.8,1.9,58.9,Fr,7-Jun,14,3.81007,119.626,3.1,2012,22362,all,99.6,0.86206898,100.0,143.0,47.0,132.0,0.6993,0.3561,34.0,36.0,0.9444,2.0,90.971,86.5498,4.29842,242.953,8.18856,5.00434,3.18423,6.73574,31.125,3.86278,2.87296,2.575,4.85,7.425,1.875,0.975,0.925,11.9,Wing F,2.44492,1245.0,160,326,0.5107361963190185,0.5705,SF,77.75,232.8,27.1,0.07,84.0,104.5,9.0,10.3,32.0,35.5,11.77,,3.18,6.0,108.0%,92.3,136.5,140.0,11.8,,1.0803858520900322,1.3440514469453375,0.9149484536082474,0.038510768085524345,0.29137500000000005
MIKE SCOTT,Virginia,ACC,32,77.7,115.0,29.8,0.5710000000000001,0.62,9.7,24.0,10.7,14.8,139,172,0.808,209,362,0.577,6,20,0.3,1.8,1.4,45.0,Sr,8-Jun,23.0,5.25359,133.035,2.2,2012,4079,all,26.8,0.55220175,73.0,101.0,136.0,260.0,0.7228,0.5231,10.0,11.0,0.9091,43.0,86.3756,83.8789,4.58281,193.92,5.98597,3.33859,2.64738,9.68678,31.2188,7.31393,2.37285,2.1875,6.0938,8.2812,1.1562,0.6562,0.4688,17.9688,PF/C,1.31329,999.0016,215,382,0.5706806282722513,0.62,PF,79.25,240.8,27.0,0.106,82.75,104.0,8.5,9.0,27.0,32.5,11.59,,3.44,14.0,104.4%,76.5,131.0,136.5,5.0,,1.0441640378548895,1.3123028391167193,1.88953488372093,0.038340514882225916,0.3538219895287958
MITCH MCGARY,Michigan,B10,8,13.2,113.2,24.1,0.545,0.5722999999999999,15.5,27.2,12.6,17.5,16,24,0.667,30,53,0.566,0,2,0.0,3.2,4.9,43.6,So,10-Jun,4.0,2.93483,122.566,5.1,2014,28103,all,94.6,0.92307692,17.0,23.0,13.0,30.0,0.7391,0.4333,3.0,3.0,1.0,21.0,90.2124,86.8159,3.60663,51.044,10.8315,4.6351,6.19639,7.95678,24.625,3.47845,4.47833,2.875,5.375,8.25,1.5,1.875,0.75,9.5,C,0.650561,197.0,30,55,0.5454545454545454,0.5722999999999999,,,,,,,,,,,,,,,,,,,,9.0,,,,,,0.3121636363636363
MYLES TURNER,Texas,B12,34,54.9,109.4,23.8,0.488,0.5561,7.2,24.9,6.2,16.6,94,112,0.839,100,195,0.513,17,62,0.274,12.3,0.8,43.6,Fr,11-Jun,52.0,2.76964,121.743,4.3,2015,37036,all,99.0,0.42549187,40.0,54.0,60.0,141.0,0.7407,0.4255,11.0,13.0,0.8462,11.0,85.3599,81.3327,3.51116,185.417,7.38281,0.519533,6.86328,8.53262,22.2059,3.08008,5.45255,1.2941,5.2353,6.5294,0.5882,0.2941,2.6176,10.1471,PF/C,5.20698,755.0006,117,257,0.4883268482490272,0.5561,C-PF,81.75,238.6,25.1,0.093,88.0,112.0,9.25,9.3,,,,,,,107.6%,85.6,,,12.3,,1.0764525993883791,1.3700305810397553,,0.03570219491438244,0.27155856031128406
NATE WOLTERS,South Dakota St.,Sum,31,91.8,122.7,30.8,0.545,0.6031,3.6,14.1,35.1,12.8,182,221,0.824,167,314,0.532,62,163,0.38,0.4,2.9,46.3,Sr,3-Jun,3,6.90102,136.415,1.6,2013,12007,all,,2.39997521,96.0,147.0,71.0,167.0,0.6531,0.4251,0.0,0.0,,38.0,100.908,102.126,3.1249,220.48,8.87537,8.85589,0.0194864,9.58873,38.4839,8.3831,1.20563,1.0645,4.4516,5.5161,5.8065,1.7742,0.129,22.6452,Scoring PG,8.5826,1193.0009,229,477,0.5450733752620545,0.6031,PG,75.5,196.4,24.2,0.055,75.75,98.0,8.25,8.8,,,,,,8.0,100.3%,72.2,,,8.6,,1.0033112582781456,1.2980132450331126,,0.034454629182930574,0.32873375262054505
NIK STAUSKAS,Michigan,B10,36,86.0,124.1,23.9,0.586,0.6417,1.6,8.8,18.8,14.0,168,204,0.824,93,186,0.5,92,208,0.442,0.9,1.0,51.8,So,6-Jun,11.0,6.30439,139.096,1.5,2014,28098,all,78.2,1.76121657,53.0,87.0,40.0,99.0,0.6092,0.404,15.0,17.0,0.8824,8.0,107.646,101.814,3.41738,171.682,7.59555,7.78089,-0.185343,8.41756,35.5833,8.06205,0.355509,0.4167,2.5,2.9167,3.2778,0.5556,0.3056,17.5,Combo G,10.3848,1280.9988,185,394,0.5862944162436549,0.6417,SG,77.25,206.9,24.4,0.121,79.75,102.0,8.5,8.5,29.0,35.5,10.79,2.92,3.27,,103.2%,72.3,131.0,137.5,3.8,,1.0323624595469256,1.3203883495145632,,0.03467077219551534,0.37622512690355336
NIKOLA VUCEVIC,USC,P10,34,87.0,115.9,25.1,0.539,0.578,9.8,25.6,11.0,12.1,123,163,0.755,186,343,0.542,29,83,0.349,4.4,0.9,38.3,Jr,10-Jun,5.0,5.23004,128.258,3.2,2011,5408,all,44.0,0.93100417,97.0,138.0,89.0,205.0,0.7029,0.4341,20.0,24.0,0.8333,16.0,93.3056,88.3293,4.65874,244.636,8.27907,4.1751,4.10397,8.82136,34.9118,6.33822,2.48314,2.8529,7.4412,10.2941,1.5882,0.5294,1.3824,17.1176,PF/C,4.32851,1187.0012,215,426,0.5387323943661971,0.578,PF-C,82.25,259.8,27.0,0.061,88.5,112.5,9.25,10.3,23.5,25.0,12.02,,3.27,8.0,107.6%,94.8,136.0,137.5,7.9,,1.0759878419452888,1.3677811550151975,0.7698229407236336,0.03840319287515821,0.3113873239436619
NOAH VONLEH,Indiana,B10,30,61.8,109.1,21.5,0.56,0.6043,10.8,27.3,4.9,21.8,96,134,0.716,97,183,0.53,16,33,0.485,5.4,1.9,62.0,Fr,10-Jun,1.0,2.47652,114.762,4.1,2014,29985,all,98.0,0.2812544,73.0,122.0,24.0,61.0,0.5984,0.3934,24.0,27.0,0.8889,9.0,90.6372,86.69,3.93211,195.609,5.27582,0.682888,4.59293,6.05888,26.4667,2.72525,3.33363,2.3667,6.6,8.9667,0.6,0.8667,1.3667,11.2667,PF/C,2.41028,794.001,113,216,0.5601851851851852,0.6043,PF,80.0,247.1,27.1,0.073,88.25,108.0,9.75,11.8,31.0,37.0,11.45,3.29,3.28,,110.3%,114.6,139.0,145.0,4.8,,1.103125,1.35,,0.038609375,0.3385199074074074
NOLAN SMITH,Duke,ACC,37,85.1,114.0,30.8,0.508,0.564,4.1,10.1,30.3,17.3,187,230,0.813,203,405,0.501,57,163,0.35,0.2,2.0,40.5,Sr,2-Jun,2.0,6.14746,136.992,2.3,2011,198,all,95.8,1.60168696,121.0,180.0,82.0,225.0,0.6722,0.3644,19.0,21.0,0.9048,21.0,94.9421,90.2798,4.32707,221.453,7.92525,6.5307,1.39455,9.04699,34.027,7.42587,1.62112,1.1892,3.2973,4.4865,5.1081,1.2162,0.0811,20.6486,Scoring PG,7.34459,1258.999,260,568,0.5079225352112676,0.564,PG,73.5,187.6,24.4,0.056,77.5,99.0,8.5,9.3,28.5,34.0,11.05,,3.17,9.0,105.4%,78.6,127.5,133.0,3.3,,1.054421768707483,1.346938775510204,1.631130063965885,0.03472627146096534,0.2864683098591549
NORMAN POWELL,UCLA,P12,36,85.7,104.9,24.0,0.49700000000000005,0.5399,1.9,13.3,12.8,15.8,127,169,0.751,175,348,0.503,38,119,0.319,1.5,3.2,36.2,Sr,4-Jun,4.0,3.70038,116.502,2.9,2015,22006,all,89.6,0.93749446,132.0,217.0,43.0,131.0,0.6083,0.3282,34.0,38.0,0.8947,46.0,98.9771,94.5606,3.90771,244.879,5.02166,2.84666,2.17499,5.46561,34.5278,2.76967,2.69594,0.5833,4.1111,4.6944,2.0833,1.8333,0.4444,16.4167,Wing G,5.638,1243.0008,213,467,0.49678800856531047,0.5399,SG,75.0,215.4,26.9,0.064,82.75,102.5,9.25,9.0,32.5,40.5,10.69,3.2,3.2,5.0,110.3%,83.3,135.0,143.0,6.0,,1.1033333333333333,1.3666666666666667,0.9401114206128134,0.03829333333333333,0.26821584582441116
NORRIS COLE,Cleveland St.,Horz,34,90.2,112.9,32.8,0.47,0.5483,2.5,16.7,38.0,14.3,221,259,0.853,189,407,0.464,46,142,0.324,0.3,3.7,47.2,Sr,2-Jun,30.0,6.04041,133.163,2.8,2011,4149,all,,1.94738903,114.0,181.0,75.0,226.0,0.6298,0.3319,6.0,8.0,0.75,28.0,93.3699,91.3968,4.44932,258.227,9.55658,6.99107,2.56551,10.1645,36.0882,6.90038,3.26417,0.7647,5.1176,5.8824,5.4412,2.1765,0.0882,21.6765,Scoring PG,6.99096,1226.9988,235,549,0.46994535519125685,0.5483,PG,72.25,174.4,23.5,0.047,74.25,95.5,8.5,9.5,29.5,38.5,10.07,,3.22,11.0,102.8%,80.8,125.0,134.0,4.8,,1.027681660899654,1.3217993079584776,2.4283256880733943,0.03340956166712564,0.2576710382513661
ORLANDO JOHNSON,UC Santa Barbara,BW,29,84.7,113.1,29.1,0.53,0.5661,4.9,13.5,19.2,15.1,124,174,0.713,126,270,0.467,67,157,0.427,2.2,1.9,40.7,Sr,5-Jun,33.0,4.74175,124.66,2.1,2012,10632,all,,1.19715727,55.0,84.0,71.0,186.0,0.6548,0.3817,8.0,8.0,1.0,36.0,102.081,102.314,2.82713,174.73,4.22884,4.93197,-0.703128,6.35506,34.4828,6.86312,-0.50806,1.4138,4.3103,5.7241,2.931,1.0345,0.6897,19.8966,Wing G,9.70663,1000.0011999999999,193,427,0.5304449648711944,0.5661,SG,75.75,223.8,27.4,0.07,83.25,99.0,9.0,9.5,32.0,39.5,10.98,,3.25,13.0,109.9%,85.5,131.0,138.5,4.6,,1.099009900990099,1.306930693069307,2.2944593386952636,0.03900271215240336,0.3002848946135832
OTTO PORTER,Georgetown,BE,31,84.4,118.8,23.4,0.541,0.59,6.7,19.0,18.5,11.7,122,157,0.777,125,248,0.504,43,102,0.422,3.0,3.3,44.9,So,8-Jun,22,5.67299,130.848,2.2,2013,19628,all,94.0,1.78728317,60.0,88.0,65.0,161.0,0.6818,0.4037,8.0,8.0,1.0,3.0,84.1473,79.8442,5.56603,240.544,12.4131,6.48729,5.92584,13.0999,35.3871,8.03978,5.06012,1.7742,5.7097,7.4839,2.7097,1.8387,0.9032,16.1613,Wing F,5.95532,1097.0001,168,350,0.5414285714285715,0.59,SF,79.5,197.6,22.0,0.067,85.5,105.5,8.75,9.3,27.0,36.0,11.25,3.06,3.4,9.0,107.5%,80.9,132.5,141.5,2.1,,1.0754716981132075,1.3270440251572326,1.639676113360324,0.0312645860527669,0.31944285714285714
PASCAL SIAKAM,New Mexico St.,WAC,32,87.0,115.4,28.0,0.54,0.5688,13.4,23.5,11.2,12.6,133,194,0.686,255,466,0.547,3,15,0.2,6.4,1.7,40.3,So,9-Jun,43.0,4.64714,125.441,3.1,2016,37123,all,,0.76119968,129.0,175.0,126.0,291.0,0.7371,0.433,31.0,32.0,0.9688,27.0,86.8008,88.45,4.89153,275.465,7.23334,2.53836,4.69498,8.29928,35.3438,5.33606,2.96322,4.0,7.8438,11.8438,1.5938,1.0,2.2188,20.375,C,0.791505,1131.0016,258,481,0.5395010395010394,0.5688,PF,80.25,226.6,24.7,0.052,87.25,107.5,9.25,10.0,30.5,36.5,11.25,3.09,3.41,,108.7%,92.5,138.0,144.0,7.4,,1.087227414330218,1.3395638629283488,,0.0351859939247484,0.3068681912681912
PATRICK MCCAW,UNLV,MWC,31,83.4,112.6,20.3,0.546,0.5793,3.4,12.7,23.0,16.3,80,104,0.769,92,163,0.564,62,176,0.352,1.2,3.8,30.7,So,7-Jun,22.0,3.24837,115.024,2.6,2016,37216,all,60.6,1.84614646,69.0,104.0,23.0,59.0,0.6635,0.3898,13.0,14.0,0.9286,38.0,96.4163,94.5414,3.98331,233.53,7.26551,4.22015,3.04537,7.40592,34.1613,3.93913,3.46679,1.0968,4.0968,5.1935,3.871,2.4194,0.4194,14.5161,Combo G,8.98017,1059.0003,154,339,0.5457227138643068,0.5793,PG-SG,77.25,180.8,21.3,0.047,82.0,100.5,8.75,8.8,30.0,38.0,11.01,2.97,3.3,,106.1%,76.6,130.5,138.5,3.2,,1.0614886731391586,1.3009708737864079,,0.03029712717713472,0.316137168141593
PATRICK PATTERSON,Kentucky,SEC,38,81.8,129.5,17.2,0.607,0.6242,10.6,13.4,5.5,10.7,90,130,0.692,191,305,0.626,24,69,0.348,4.1,1.2,34.8,Jr,9-Jun,54,5.09067,129.364,1.9,2010,3715,all,98.2,0.87811659,136.0,165.0,50.0,127.0,0.8242,0.3937,65.0,70.0,0.9286,14.0,94.0703,89.5707,4.19133,233.26,9.11359,5.81768,3.29592,8.74506,33.0263,6.23586,2.5092,3.0526,4.3947,7.4474,0.9474,0.7105,1.3421,14.3158,PF/C,3.09222,1254.9994,215,374,0.606951871657754,0.6242,PF,80.0,239.6,26.3,0.053,85.25,107.0,9.25,10.3,28.5,33.5,11.14,,3.25,17.0,106.6%,94.8,135.5,140.5,8.9,,1.065625,1.3375,2.3768781302170283,0.0374375,0.37885935828877004
PAUL GEORGE,Fresno St.,WAC,28,72.6,105.6,27.3,0.51,0.5722,6.8,18.6,22.6,20.8,110,122,0.902,92,188,0.489,58,163,0.356,3.0,3.9,34.8,So,8-Jun,24,3.6053,115.82,3.5,2010,5903,all,61.6,0.96627442,70.0,106.0,22.0,82.0,0.6604,0.2683,18.0,22.0,0.8182,10.0,94.6435,92.7156,3.89014,210.186,6.68486,3.41633,3.26852,6.74572,33.1786,4.41774,2.32799,1.9286,5.2857,7.2143,3.0714,2.1429,0.8571,16.7143,Wing F,10.3973,929.0008,150,351,0.50997150997151,0.5722,SF,79.75,214.4,23.7,0.05,83.25,107.0,8.5,9.0,,,,,,4.0,104.4%,76.5,,,8.9,,1.0438871473354232,1.341692789968652,,0.03371036055070214,0.29180569800569806
PERRY JONES,Baylor,B12,32,66.6,110.6,22.6,0.51,0.5361,10.8,18.6,8.8,14.4,71,102,0.696,169,328,0.515,10,33,0.303,2.1,1.7,28.3,So,11-Jun,1.0,3.86615,120.539,3.1,2012,18374,all,98.8,0.75922966,92.0,132.0,77.0,196.0,0.697,0.3929,41.0,44.0,0.9318,28.0,96.8961,90.4005,3.84024,188.837,4.93194,3.43733,1.4946,4.25016,30.9062,3.49204,0.758121,2.6875,5.0312,7.7188,1.2812,0.875,0.5938,13.7188,PF/C,1.98934,988.9984,179,361,0.5096952908587258,0.5361,PF-SF,82.25,233.8,24.3,0.046,85.75,107.0,9.25,9.5,33.0,38.5,11.31,,3.19,11.0,104.3%,87.9,140.0,145.5,2.4,,1.0425531914893618,1.3009118541033435,1.811377245508982,0.03455991722175516,0.2732476454293629
PEYTON SIVA,Louisville,BE,40,76.7,105.0,21.1,0.45899999999999996,0.5134000000000001,1.1,7.6,34.3,24.0,85,98,0.867,101,212,0.476,38,132,0.288,0.6,4.3,28.5,Sr,Jun-00,3,3.12814,113.272,3.3,2013,13289,all,93.4,2.15094325,75.0,125.0,26.0,86.0,0.6,0.3023,7.0,8.0,0.875,56.0,87.954,83.2111,4.54732,239.991,6.18906,3.46654,2.72252,6.25131,31.175,2.20725,4.04406,0.3,2.05,2.35,5.7,2.25,0.15,10.025,Pure PG,6.32748,1247.0,139,344,0.45930232558139533,0.5134000000000001,PG,71.5,180.6,24.8,0.061,75.0,93.0,8.0,9.8,33.5,41.5,10.59,2.93,3.16,15.0,104.9%,78.0,126.5,134.5,2.1,,1.048951048951049,1.3006993006993006,3.446843853820598,0.035326910851386374,0.2358058139534884
QUINCY PONDEXTER,Washington,P10,36,80.4,123.0,25.2,0.547,0.6082,10.3,15.0,11.2,12.8,187,226,0.827,227,413,0.55,18,51,0.353,1.8,2.2,48.7,Sr,6-Jun,20,5.83159,136.751,3.1,2010,3829,all,94.0,0.92646512,113.0,143.0,114.0,270.0,0.7902,0.4222,34.0,35.0,0.9714,26.0,95.2815,90.3543,4.03499,237.307,9.18086,6.61291,2.56795,9.62658,32.2778,7.5522,2.07438,2.9722,4.3889,7.3611,1.75,1.2778,0.5833,19.3056,Wing F,2.41655,1162.0008,245,464,0.5474137931034483,0.6082,,,,,,,,,,,,,,,,,,,,3.0,,,,,,0.3329370689655172
RASHAD VAUGHN,UNLV,MWC,23,57.3,101.4,28.8,0.521,0.5473,2.3,13.9,12.2,14.4,68,98,0.694,90,187,0.481,54,141,0.383,1.1,1.5,29.9,Fr,6-Jun,1.0,3.37158,116.012,2.9,2015,37215,all,98.2,0.71999634,48.0,87.0,42.0,100.0,0.5517,0.42,3.0,4.0,0.75,17.0,100.566,98.7494,3.15614,122.977,0.927228,2.60346,-1.67623,4.09223,32.2609,4.5805,-0.488272,0.6087,4.2174,4.8261,1.5652,0.7826,0.3478,17.8261,Wing G,11.7065,742.0006999999999,144,328,0.5213414634146342,0.5473,SG,75.75,198.6,24.3,0.062,79.0,101.0,8.0,8.5,28.0,34.0,11.4,3.1,3.21,5.0,104.3%,68.0,129.0,135.0,2.5,,1.0429042904290429,1.3333333333333333,0.8559919436052367,0.03461098585106035,0.28533018292682927
RAY MCCALLUM,Detroit,Horz,31,93.2,116.4,24.4,0.524,0.5657,4.0,13.3,23.5,12.8,138,193,0.715,158,290,0.545,39,123,0.317,1.7,3.0,46.7,Jr,1-Jun,3,5.39079,125.565,2.2,2013,17384,all,95.0,2.19042468,122.0,184.0,35.0,104.0,0.663,0.3365,23.0,23.0,1.0,36.0,101.748,101.013,3.22081,222.896,6.27909,5.70333,0.575761,7.06943,37.2903,6.07031,0.999121,1.3226,3.8387,5.1613,4.4516,1.9677,0.5806,18.4194,Combo G,6.09953,1155.9993,197,413,0.5242130750605327,0.5657,PG,72.25,191.4,25.8,0.073,75.25,96.5,8.0,8.8,30.5,40.0,10.82,3.08,3.25,5.0,104.2%,70.0,127.0,136.5,6.1,,1.041522491349481,1.3356401384083045,1.044932079414838,0.03666622765532022,0.29654733656174337
REGGIE BULLOCK,North Carolina,ACC,34,76.5,126.5,18.2,0.598,0.617,6.6,15.8,16.2,12.3,56,73,0.767,80,149,0.537,85,198,0.429,0.9,2.2,21.0,Jr,7-Jun,35,4.94588,129.15,1.9,2013,16384,all,97.2,2.20929859,34.0,50.0,46.0,98.0,0.68,0.4694,0.0,0.0,,25.0,96.5996,92.1141,3.69359,214.266,10.8455,7.95074,2.89476,10.4947,31.6176,8.0144,2.48029,2.0294,4.5294,6.5588,2.7941,1.2353,0.2941,13.8529,Wing G,10.2971,1074.9984,165,347,0.5979827089337176,0.617,SG-SF,77.75,199.8,23.2,0.07,80.75,102.0,8.5,9.0,31.0,36.5,11.33,3.3,3.31,11.0,103.9%,76.5,133.0,138.5,2.3,,1.0385852090032155,1.3118971061093248,2.0095095095095092,0.033051767454844345,0.3689553314121038
REGGIE JACKSON,Boston College,ACC,34,85.4,120.5,27.2,0.585,0.6179,3.9,11.3,29.7,16.0,109,137,0.796,148,266,0.556,71,169,0.42,1.7,1.9,31.5,Jr,3-Jun,0.0,6.25729,137.736,2.0,2011,6923,all,82.4,1.87651111,99.0,150.0,49.0,116.0,0.66,0.4224,25.0,25.0,1.0,24.0,108.416,103.775,2.74324,187.742,7.80425,7.60689,0.197362,9.35972,34.1471,8.68046,0.679261,1.0294,3.2647,4.2941,4.4706,1.0588,0.5294,18.1765,Scoring PG,9.07322,1161.0014,219,435,0.5850574712643678,0.6179,,,,,,,,,,,,,,,,,,,,3.2,,,,,,0.36150701149425285
RICHAUN HOLMES,Bowling Green,MAC,30,67.1,115.8,25.1,0.593,0.6231,11.5,21.0,7.2,16.5,101,142,0.711,139,237,0.586,18,43,0.419,11.3,1.5,50.7,Sr,8-Jun,22.0,3.6708,122.373,3.4,2015,26987,all,,0.43332471,107.0,155.0,32.0,82.0,0.6903,0.3902,45.0,46.0,0.9783,37.0,91.2274,91.5379,3.56104,192.802,7.98568,2.67221,5.31347,8.6819,28.7742,5.65496,3.02693,2.871,5.1613,8.0323,0.8387,0.7097,2.6452,14.8065,PF/C,3.12328,863.226,157,280,0.5928571428571429,0.6231,PF,80.25,242.8,26.5,0.088,85.5,108.0,8.5,8.5,32.5,36.0,11.24,3.31,3.32,15.0,106.5%,72.3,140.5,144.0,6.9,,1.0654205607476634,1.3457943925233644,2.2240527182866554,0.03770149746217525,0.3694092857142857
RODNEY HOOD,Duke,ACC,35,81.9,119.8,22.3,0.55,0.5902000000000001,2.9,11.7,13.2,12.8,109,135,0.807,120,243,0.494,71,169,0.42,0.8,1.3,32.8,So,8-Jun,5,4.83862,130.274,3.2,2014,19693,all,94.4,1.38887811,47.0,74.0,73.0,168.0,0.6351,0.4345,14.0,16.0,0.875,23.0,105.837,100.347,3.33286,164.685,6.3778,5.83042,0.547379,6.64208,32.8571,6.11765,0.524428,0.8286,3.1143,3.9429,2.1429,0.7143,0.2571,16.0571,Wing F,8.91425,1149.9985000000001,191,412,0.5497572815533981,0.5902000000000001,SF,79.25,208.2,23.3,0.075,80.5,103.0,8.5,8.5,29.0,36.0,11.21,3.14,3.38,,101.6%,72.3,132.0,139.0,7.8,,1.0157728706624605,1.2996845425867507,,0.03314989700365214,0.3244667475728156
RONDAE HOLLIS-JEFFERSON,Arizona,P12,38,71.5,113.8,20.9,0.513,0.5733,9.0,20.1,10.1,15.5,145,205,0.707,132,246,0.537,6,29,0.207,3.4,2.4,74.5,So,7-Jun,23.0,3.43005,119.977,3.4,2015,29198,all,97.2,1.0,91.0,127.0,41.0,119.0,0.7165,0.3445,40.0,43.0,0.9302,23.0,86.8974,82.7697,4.42793,234.584,9.57925,3.75175,5.82751,8.24463,28.6842,3.86244,4.38219,2.0263,4.8158,6.8421,1.5526,1.1579,0.8421,11.2368,Wing F,1.58521,1089.9996,138,275,0.5127272727272727,0.5733,SF,77.5,210.8,24.7,0.05,86.0,104.0,8.75,9.8,32.0,38.0,10.41,3.19,3.12,13.0,111.0%,85.3,136.0,142.0,10.4,,1.1096774193548387,1.3419354838709678,2.3434535104364325,0.03509677419354839,0.29394654545454546
RYAN KELLY,Duke,ACC,23,46.1,121.1,20.8,0.535,0.5864,6.9,14.3,11.0,9.7,69,85,0.812,61,129,0.473,35,83,0.422,5.4,1.4,40.1,Sr,11-Jun,34,4.53064,129.13,3.3,2013,14133,all,97.0,1.65219998,22.0,40.0,39.0,88.0,0.55,0.4432,2.0,2.0,1.0,48.0,94.8199,88.6349,3.7335,129.644,10.0914,6.13751,3.95393,9.95268,28.8696,6.64774,3.30494,1.6087,3.6957,5.3043,1.6522,0.6957,1.6087,12.8696,Stretch 4,7.30788,664.0007999999999,96,212,0.535377358490566,0.5864,PF,81.75,228.0,24.0,0.148,83.5,110.0,9.0,10.0,,,,,,,102.1%,90.0,,,9.8,,1.0214067278287462,1.345565749235474,,0.034116095727071236,0.3139452830188679
SAM YOUNG,Pittsburgh,BE,34,77.4,113.3,26.3,0.552,0.5811999999999999,6.9,15.4,6.6,16.8,112,152,0.737,194,352,0.551,50,135,0.37,2.7,1.9,31.2,Sr,6-Jun,,4.9538,129.086,2.2,2009,2503,all,,0.43208528,,,,,,,,,,36.0,96.3118,90.6034,3.94188,203.577,6.61607,4.7308,1.88527,8.14654,31.8529,6.54282,1.60371,1.8824,4.3529,6.2353,1.0294,1.0,0.7941,19.1176,,7.37712,1082.9986000000001,244,487,0.5523613963039015,0.5811999999999999,SF-SG,77.25,222.8,26.2,0.049,82.75,105.5,,,27.5,33.0,11.47,,3.45,,107.1%,,133.0,138.5,6.2,,1.0711974110032363,1.3656957928802589,,0.03733517663200009,0.32103244353182747
SHABAZZ MUHAMMAD,UCLA,P12,32,69.5,107.1,28.2,0.48700000000000004,0.5282,9.9,8.5,5.8,10.5,128,180,0.711,162,350,0.463,40,106,0.377,0.4,1.3,39.5,Fr,6-Jun,15,4.37267,125.238,2.1,2013,26310,all,99.8,0.52942655,79.0,124.0,82.0,226.0,0.6371,0.3628,24.0,26.0,0.9231,14.0,103.412,98.5396,2.8948,147.485,1.84634,3.93685,-2.09052,3.7998,30.8438,5.4274,-1.6276,2.7188,2.5,5.2188,0.8438,0.7188,0.125,17.875,Wing F,6.16621,987.0016,202,456,0.4868421052631579,0.5282,SF-SG,76.75,221.8,26.5,0.09,83.0,104.5,9.0,10.0,29.5,37.0,10.99,2.93,3.32,10.0,108.1%,90.0,134.0,141.5,3.1,,1.0814332247557004,1.3615635179153094,1.6681695220919748,0.037653449903977766,0.25715
SHABAZZ NAPIER,Connecticut,Amer,40,87.2,115.9,28.1,0.517,0.5911,3.4,15.0,30.8,17.7,207,238,0.87,126,281,0.448,87,215,0.405,1.0,3.2,48.0,Sr,1-Jun,13,5.63514,134.239,2.4,2014,18516,all,83.8,1.71052637,67.0,117.0,59.0,165.0,0.5726,0.3576,0.0,0.0,,24.0,93.6766,89.1857,4.90187,280.829,10.6422,6.8767,3.7655,11.1355,35.1,7.27733,3.85813,0.95,4.9,5.85,4.875,1.825,0.325,18.0,Scoring PG,9.39147,1404.0,213,496,0.5171370967741935,0.5911,PG,71.0,175.2,24.4,0.074,75.25,93.0,8.25,8.5,30.5,37.5,11.6,3.13,3.2,,106.0%,70.1,123.5,130.5,6.2,,1.0598591549295775,1.3098591549295775,,0.03475500892680024,0.3056797379032258
SHELVIN MACK,Butler,Horz,37,79.4,107.1,27.9,0.49,0.5325,2.7,14.3,25.1,16.9,120,156,0.769,107,237,0.451,85,242,0.351,0.3,1.4,32.6,Jr,3-Jun,1.0,4.02315,121.432,2.2,2011,6698,all,41.4,1.41756451,59.0,95.0,48.0,142.0,0.6211,0.338,2.0,2.0,1.0,34.0,100.157,96.6054,3.34166,195.04,5.48578,4.54418,0.941604,6.33506,32.1892,5.59095,0.744108,0.7297,3.7568,4.4865,3.4865,0.7297,0.0811,15.9189,Combo G,12.5489,1191.0004,192,479,0.48956158663883087,0.5325,PG,73.0,209.0,27.6,0.071,79.5,96.5,8.25,9.3,32.0,39.0,11.23,,3.18,17.0,108.9%,76.3,128.5,135.5,4.5,,1.0890410958904109,1.321917808219178,3.172248803827751,0.03921936573465941,0.26069154488517743
SOLOMON HILL,Arizona,P12,35,82.1,113.7,21.4,0.541,0.5794,6.6,12.8,16.8,18.7,95,124,0.766,101,199,0.508,57,146,0.39,1.8,2.1,35.9,Sr,7-Jun,44,4.28294,121.472,2.6,2013,11698,all,91.8,1.23377266,53.0,82.0,48.0,117.0,0.6463,0.4103,12.0,14.0,0.8571,23.0,95.9089,91.6638,3.90349,209.657,8.28038,5.49305,2.78733,7.56824,32.9714,5.44116,2.12707,1.7429,3.6,5.3429,2.7143,1.1429,0.5714,13.3714,Wing G,7.60079,1153.999,158,345,0.5405797101449276,0.5794,SF,77.5,226.0,26.5,0.076,81.0,103.0,9.0,10.5,29.5,37.5,10.77,2.91,3.19,14.0,104.5%,94.5,132.5,140.5,2.5,,1.0451612903225806,1.3290322580645162,2.3230088495575223,0.03762747138397503,0.31321188405797107
SPENCER DINWIDDIE,Colorado,P12,17,37.4,129.4,21.5,0.565,0.6666,1.8,9.6,26.3,15.6,102,119,0.857,35,68,0.515,26,63,0.413,0.8,2.9,90.8,Jr,6-Jun,25,4.97557,134.102,2.4,2014,19806,all,73.8,2.13333701,25.0,44.0,10.0,23.0,0.5682,0.4348,4.0,4.0,1.0,38.0,100.765,96.9882,3.50461,96.5382,8.95779,7.04213,1.91566,9.1455,31.1176,5.52197,3.62353,0.4706,2.5882,3.0588,3.7647,1.5294,0.2353,14.7059,Scoring PG,7.073,528.9992,61,131,0.5648854961832062,0.6666,PG,76.5,204.9,24.6,0.054,80.25,103.0,8.25,9.0,,,,,,,104.9%,74.3,,,4.9,,1.0490196078431373,1.34640522875817,,0.03501217480456235,0.3765526717557252
STANLEY JOHNSON,Arizona,P12,38,70.9,108.0,26.0,0.501,0.551,8.9,19.1,11.6,17.4,132,178,0.742,131,274,0.478,43,116,0.371,1.6,3.2,45.6,Fr,6-Jun,5.0,3.49987,120.974,3.7,2015,34150,all,99.6,0.7682932,64.0,119.0,67.0,155.0,0.5378,0.4323,16.0,16.0,1.0,8.0,86.6693,82.5525,4.41275,234.531,8.8059,4.11077,4.69513,8.38064,28.4474,4.5269,3.85374,1.9737,4.5263,6.5,1.6579,1.5,0.3947,13.7632,Wing F,6.39449,1081.0012,174,390,0.5012820512820513,0.551,SF,77.0,241.8,28.7,0.075,83.5,102.0,9.0,9.0,,,,,,,108.4%,81.0,,,7.8,,1.0844155844155845,1.3246753246753247,,0.04078259402934728,0.2762064102564103
STEPHEN CURRY,Davidson,SC,33,82.1,118.0,37.5,0.5489999999999999,0.6046,1.8,12.3,39.8,16.6,212,241,0.88,176,340,0.518,127,327,0.388,0.7,3.9,36.1,Jr,3-Jun,,6.66086,141.028,2.8,2009,1827,all,49.0,1.43198081,,,,,,,,,,7.0,89.1128,88.3785,4.44618,253.62,12.3076,9.67838,2.62918,15.279,33.8182,10.7909,4.48812,0.5758,3.9091,4.4848,5.4242,2.3333,0.2121,28.6364,,16.3103,1116.0005999999998,303,667,0.5494752623688156,0.6046,PG-SG,74.0,181.0,23.2,0.057,75.5,97.0,,,29.5,35.5,11.07,,3.28,10.0,102.0%,,126.5,132.5,19.0,,1.0202702702702702,1.3108108108108107,1.9613259668508287,0.033053323593864134,0.3322127436281859
STEVEN ADAMS,Pittsburgh,BE,32,56.1,109.7,18.0,0.5710000000000001,0.5546,15.3,19.1,5.4,16.9,31,70,0.443,100,175,0.571,0,0,0.0,11.2,1.9,40.0,Fr,Jul-00,13,2.11474,110.145,2.8,2013,26892,all,99.2,0.57140248,85.0,129.0,15.0,46.0,0.6589,0.3261,29.0,33.0,0.8788,12.0,86.5013,83.1502,3.44551,158.07,9.76937,2.06394,7.70544,7.0935,23.4062,3.36616,3.72734,2.8125,3.5312,6.3438,0.625,0.6562,2.0312,7.2188,C,0.0,748.9984,100,175,0.5714285714285714,0.5546,C,82.75,254.5,26.1,0.067,88.5,109.5,9.5,11.0,28.5,33.0,11.85,3.02,3.4,16.0,106.9%,104.5,138.0,142.5,6.4,,1.0694864048338368,1.3232628398791542,2.074656188605108,0.03716650998074132,0.3169142857142857
TJ WARREN,North Carolina St.,ACC,35,84.8,113.7,33.6,0.5479999999999999,0.5735,10.8,12.8,8.6,12.2,156,226,0.69,311,536,0.58,31,116,0.267,1.8,3.1,34.7,So,8-Jun,24.0,6.29422,139.697,3.1,2014,26777,all,95.6,0.48195156,192.0,251.0,120.0,286.0,0.7649,0.4196,37.0,37.0,1.0,14.0,102.54,98.2359,3.80547,233.712,7.66874,7.04296,0.625785,10.6145,35.3714,9.31937,1.29514,3.2286,3.9143,7.1429,1.1429,1.8,0.6,24.8857,Wing F,5.71862,1237.999,342,652,0.5483128834355828,0.5735,SF,79.0,220.2,24.8,0.08,82.25,104.0,8.75,9.0,27.0,35.5,11.1,3.04,3.26,,104.1%,78.8,131.0,139.5,6.2,,1.0411392405063291,1.3164556962025316,,0.0352828072424291,0.31445743865030673
TAJ GIBSON,USC,P10,35,83.6,117.1,21.5,0.601,0.6212,13.4,19.0,8.2,17.4,120,182,0.659,190,316,0.601,0,0,0.0,9.5,1.8,57.6,Jr,9-Jun,,4.64739,124.31,3.5,2009,1132,all,90.4,0.61110299,,,,,,,,,,26.0,91.7663,84.1619,4.88672,259.815,11.3356,4.38556,6.95008,9.59617,33.6857,5.14951,4.44666,3.5143,5.5143,9.0286,1.2571,0.9714,2.8571,14.2857,,0.0,1178.9995,190,316,0.6012658227848101,0.6212,PF,80.5,214.4,23.3,0.066,88.0,109.0,,,25.5,30.0,11.56,,3.41,12.0,109.3%,,134.5,139.0,13.1,,1.093167701863354,1.3540372670807452,1.6791044776119401,0.03308514332008796,0.373506329113924
TAUREAN PRINCE,Baylor,B12,33,76.2,107.2,27.2,0.493,0.5366,8.9,14.7,15.4,18.9,110,143,0.769,130,278,0.468,53,147,0.361,2.7,2.3,33.6,Sr,8-Jun,21.0,3.97337,124.535,3.3,2016,24114,all,62.6,0.86361423,78.0,123.0,52.0,156.0,0.6341,0.3333,14.0,15.0,0.9333,12.0,102.839,97.5834,3.31742,182.37,6.32222,4.52221,1.80001,5.91323,30.8182,5.0929,0.820334,2.303,3.6364,5.9394,2.303,1.2121,0.7273,16.0303,Wing F,8.5828,1017.0006000000001,183,425,0.4929411764705882,0.5366,SF,78.5,220.2,25.1,0.065,83.5,102.0,9.0,8.5,34.0,36.0,10.96,2.8,3.24,,106.4%,76.5,136.0,138.0,4.0,,1.0636942675159236,1.2993630573248407,,0.03573370116434744,0.2645122352941176
TERRENCE ROSS,Washington,P12,35,77.2,111.9,23.3,0.534,0.5577000000000001,4.7,17.6,9.2,15.5,72,94,0.766,143,276,0.518,72,194,0.371,3.0,2.3,20.0,So,6-Jun,31.0,3.77753,119.619,3.6,2012,18838,all,93.8,0.69999999,60.0,87.0,83.0,189.0,0.6897,0.4392,22.0,28.0,0.7857,8.0,95.3759,92.0641,3.67196,235.384,5.77755,3.37502,2.40253,7.31254,31.0857,4.99144,2.32109,1.3714,5.0571,6.4286,1.4,1.2571,0.9429,16.4,Wing F,10.0374,1087.9995,215,470,0.5340425531914894,0.5577000000000001,SG-SF,78.0,196.6,22.7,0.032,79.25,100.5,8.75,10.3,31.0,37.5,11.78,,3.28,2.0,101.6%,89.7,131.5,138.0,5.3,,1.016025641025641,1.2884615384615385,0.38148524923702953,0.032314266929651544,0.2978355319148937
TERRENCE WILLIAMS,Louisville,BE,37,85.3,108.1,21.3,0.504,0.5172,4.5,22.7,27.0,18.4,68,117,0.581,112,244,0.459,57,148,0.385,2.3,4.0,29.8,Sr,6-Jun,,3.66838,115.268,2.0,2009,2178,all,85.0,2.15118526,,,,,,,,,,11.0,82.7598,77.2472,5.80053,323.675,10.9981,4.41739,6.58071,11.3982,34.2162,5.35649,6.04175,1.3784,7.1892,8.5676,5.0,2.3243,0.7838,12.5135,,6.73594,1265.9994,169,392,0.5038265306122449,0.5172,SG-SF,77.0,213.2,25.3,0.051,81.0,103.5,,,30.5,37.0,11.15,,3.18,9.0,105.2%,,134.0,140.5,9.3,,1.051948051948052,1.344155844155844,1.5619136960600377,0.03595884634845674,0.2605790816326531
THOMAS ROBINSON,Kansas,B12,39,79.2,106.7,29.4,0.512,0.5487,11.1,30.7,13.1,16.8,163,239,0.682,254,503,0.505,7,14,0.5,2.9,2.0,46.2,Jr,9-Jun,0.0,4.63034,126.452,3.5,2012,14520,all,94.6,0.69231637,169.0,262.0,80.0,229.0,0.645,0.3493,70.0,83.0,0.8434,5.0,84.1211,78.9353,5.21431,313.096,6.34106,2.2429,4.09816,7.56676,31.7949,4.77229,2.79446,2.8974,8.9744,11.8718,1.8462,1.0769,0.8718,17.7436,PF/C,0.665341,1240.0011,261,517,0.511605415860735,0.5487,PF,79.75,244.2,27.0,0.05,87.25,106.0,9.75,10.5,28.5,35.5,11.96,,3.17,15.0,109.4%,102.4,134.5,141.5,6.3,,1.0940438871473355,1.329153605015674,2.1805896805896805,0.03839584909739487,0.2807178916827853
TIM HARDAWAY,Michigan,B10,37,84.2,104.9,22.3,0.504,0.5271,0.8,14.5,12.9,15.0,73,105,0.695,125,260,0.481,68,190,0.358,1.4,1.2,23.3,Jr,6-Jun,10,3.76564,115.272,2.2,2013,14888,all,68.0,1.30430586,63.0,85.0,62.0,175.0,0.7412,0.3543,20.0,22.0,0.9091,24.0,99.6,93.4428,3.8968,214.122,4.53743,3.20031,1.33712,4.30914,34.9459,3.15549,1.15365,0.2162,4.2973,4.5135,2.4324,0.6757,0.4595,14.2432,Wing G,9.19968,1292.9983,193,450,0.5044444444444445,0.5271,SG,76.5,199.4,24.0,0.061,79.0,101.0,8.0,9.3,31.5,37.5,10.68,2.93,3.25,16.0,103.3%,74.0,132.5,138.5,7.4,,1.0326797385620916,1.3202614379084967,3.009027081243731,0.0340723653295741,0.26589266666666667
TOBIAS HARRIS,Tennessee,SEC,34,72.5,109.5,25.9,0.489,0.5396,7.5,20.6,10.4,14.3,128,170,0.753,162,326,0.497,23,76,0.303,3.4,1.4,42.3,Fr,8-Jun,12.0,3.86035,123.298,2.8,2011,16657,all,99.0,0.7096792,95.0,143.0,67.0,183.0,0.6643,0.3661,21.0,23.0,0.913,19.0,97.8243,91.867,3.5272,197.759,4.80112,2.71068,2.09044,6.7151,29.2059,5.33543,1.37966,1.9706,5.2941,7.2647,1.2941,0.7059,0.8529,15.3235,PF/C,4.52936,993.0006,185,402,0.48880597014925375,0.5396,SF-PF,78.5,222.8,25.4,0.084,83.0,103.5,8.75,9.0,31.5,37.5,10.96,,3.17,12.0,105.7%,78.8,135.0,141.0,5.2,,1.0573248407643312,1.3184713375796178,2.0197486535008977,0.036155624974644,0.2637597014925373
TONEY DOUGLAS,Florida St.,ACC,35,90.7,115.7,27.6,0.525,0.5811,2.7,9.1,20.2,14.6,188,232,0.81,154,315,0.489,85,221,0.385,1.3,2.9,43.3,Sr,1-Jun,,5.98636,131.814,2.4,2009,3607,all,84.8,1.17242632,,,,,,,,,,29.0,96.8368,90.557,4.49604,228.792,8.10949,6.63996,1.46953,9.74611,36.5429,7.17103,2.57508,0.8,3.1143,3.9143,2.9143,1.8,0.4286,21.4571,,10.1951,1279.0015,239,536,0.5251865671641791,0.5811,PG,73.0,183.4,24.2,0.052,78.0,97.5,,,28.0,32.5,10.63,,3.03,15.0,106.8%,,125.5,130.0,8.3,,1.0684931506849316,1.3356164383561644,2.6581243184296617,0.03441546256333271,0.30518591417910446
TONY SNELL,New Mexico,MWC,35,77.5,105.0,22.0,0.516,0.5623,1.6,8.1,22.4,18.5,86,102,0.843,80,177,0.452,64,164,0.39,1.9,1.6,29.9,Jr,7-Jun,21,3.09291,112.65,1.7,2013,19313,all,19.6,1.40280001,31.0,56.0,49.0,121.0,0.5536,0.405,8.0,10.0,0.8,20.0,97.3769,93.548,3.48131,174.245,4.17125,2.93837,1.23289,5.51475,31.2286,3.9188,1.59595,0.4,2.2286,2.6286,2.8857,0.8286,0.4857,12.5143,Scoring PG,9.27022,1093.001,144,341,0.5161290322580645,0.5623,SF-SG,78.0,198.2,22.9,0.049,83.5,105.5,9.0,9.5,30.0,36.5,11.36,2.84,3.25,7.0,107.1%,85.5,135.5,142.0,4.2,,1.0705128205128205,1.3525641025641026,1.2891019172552978,0.032577251808021034,0.2902193548387097
TONY WROTEN,Washington,P12,35,75.3,95.7,32.1,0.45299999999999996,0.48829999999999996,8.0,9.8,24.5,21.8,154,264,0.583,189,391,0.483,9,56,0.161,1.2,3.5,59.1,Fr,5-Jun,14,2.94965,112.563,3.5,2012,21082,all,96.4,0.98485972,134.0,232.0,55.0,159.0,0.5776,0.3459,17.0,20.0,0.85,25.0,97.047,93.6772,3.41557,215.125,4.17926,1.85641,2.32285,4.00112,30.3429,2.30166,1.69946,2.2857,2.7429,5.0286,3.7143,1.8857,0.3714,15.9714,Scoring PG,2.97052,1062.0015,198,447,0.45302013422818793,0.48829999999999996,PG,76.75,203.2,24.3,0.052,81.0,101.0,8.0,9.0,30.0,35.5,10.75,,3.24,0.0,105.5%,72.0,131.0,136.5,2.4,,1.0553745928338762,1.3159609120521172,0.0,0.0344958567199652,0.22120973154362414
TREVOR BOOKER,Clemson,ACC,32,76.9,112.0,24.7,0.5329999999999999,0.5495,10.1,20.4,17.4,14.4,101,171,0.591,179,327,0.547,9,34,0.265,4.6,2.5,47.4,Sr,7-Jun,35,4.35402,125.31,2.6,2010,2429,all,49.8,1.30642577,139.0,192.0,40.0,135.0,0.724,0.2963,33.0,37.0,0.8919,23.0,88.4183,84.658,4.46515,225.348,9.79521,4.77296,5.02225,10.0595,30.75,6.40153,3.65793,2.7812,5.5938,8.375,2.5312,1.3438,1.4062,15.1875,Wing F,1.94973,984.0,188,361,0.5332409972299169,0.5495,PF,78.25,235.8,27.1,0.073,81.75,106.0,9.0,9.5,31.0,36.0,11.15,,3.1,22.0,104.5%,85.5,137.0,142.0,8.0,,1.0447284345047922,1.354632587859425,3.3587786259541983,0.03851014096295767,0.2930159279778393
TREY BURKE,Michigan,B10,38,87.6,121.4,28.9,0.529,0.5685,1.8,8.9,37.4,13.1,132,164,0.805,176,350,0.503,74,193,0.383,1.6,2.8,30.2,So,Jun-00,3,7.31804,144.075,2.1,2013,21380,all,81.6,3.11109036,67.0,105.0,109.0,246.0,0.6381,0.4431,9.0,9.0,1.0,9.0,98.2568,92.27,4.09053,235.865,11.2633,9.55955,1.70372,12.2776,35.3947,9.22369,3.05393,0.5263,2.6842,3.2105,6.6316,1.6053,0.5263,18.5789,Pure PG,8.98223,1344.9986,250,543,0.5285451197053407,0.5685,PG,71.75,187.0,25.5,0.069,77.5,97.5,8.25,8.8,29.5,36.5,11.2,3.01,3.16,3.0,108.0%,72.2,127.0,134.0,12.1,,1.0801393728222997,1.3588850174216027,0.5855614973262032,0.036324345324090374,0.3004779005524862
TREY LYLES,Kentucky,SEC,36,52.6,112.6,20.6,0.496,0.5426,9.9,16.1,9.2,15.0,75,102,0.735,113,211,0.536,4,29,0.138,2.1,1.4,42.5,Fr,10-Jun,41.0,2.66531,119.146,2.8,2015,35837,all,97.8,0.92685926,69.0,88.0,44.0,123.0,0.7841,0.3577,28.0,30.0,0.9333,12.0,85.2659,80.7753,3.68296,154.613,7.23508,3.72842,3.50666,6.72041,23.0,3.61558,3.10483,1.8056,3.4167,5.2222,1.0556,0.5278,0.4444,8.6944,PF/C,2.18574,828.0,117,240,0.49583333333333335,0.5426,PF,81.0,241.2,25.8,0.121,85.5,108.0,9.25,10.3,,,,,,,105.6%,94.8,,,6.9,,1.0555555555555556,1.3333333333333333,,0.03676268861454046,0.26903916666666666
TRISTAN THOMPSON,Texas,B12,36,76.8,107.4,23.1,0.546,0.5365,13.9,13.6,8.0,14.5,127,261,0.487,172,315,0.546,0,0,0.0,7.2,1.8,82.9,Fr,8-Jun,13.0,3.34791,116.323,3.6,2011,16072,all,97.8,0.70311623,118.0,163.0,54.0,152.0,0.7239,0.3553,70.0,75.0,0.9333,4.0,88.6309,84.3695,4.53819,237.951,9.71642,3.73655,5.97987,7.81152,30.9444,4.0139,3.79762,3.8333,4.0,7.8333,1.25,0.9444,2.3889,13.0833,C,0.0,1113.9984,172,315,0.546031746031746,0.5365,PF,79.5,227.4,25.3,0.062,85.25,108.5,8.75,9.3,30.0,35.0,10.92,,3.26,9.0,107.2%,80.9,138.5,143.5,9.7,,1.0723270440251573,1.3647798742138364,1.3852242744063323,0.03597958941497567,0.29294603174603173
TY LAWSON,North Carolina,ACC,34,69.3,133.7,22.7,0.598,0.6529,2.3,7.6,35.7,14.9,164,205,0.8,127,229,0.555,48,104,0.462,0.4,3.8,61.6,Jr,11-May,,6.42305,145.653,2.2,2009,2335,all,98.8,3.39388009,,,,,,,,,,18.0,95.9576,90.0007,3.79468,213.1,12.5649,10.8452,1.71975,13.9619,30.2647,9.54698,4.4149,0.6471,2.3235,2.9706,6.5882,2.1471,0.1471,16.5294,,5.32317,1028.9998,175,333,0.5975975975975976,0.6529,PG,71.25,196.6,27.2,0.066,72.75,94.5,,,29.0,36.5,10.98,,3.12,14.0,102.1%,,123.5,131.0,9.4,,1.0210526315789474,1.3263157894736841,2.599186164801628,0.038726992920898734,0.39017147147147146
TYLER ENNIS,Syracuse,ACC,34,88.7,114.5,22.7,0.45299999999999996,0.5107,2.6,9.0,32.5,13.8,114,149,0.765,118,275,0.429,30,85,0.353,0.7,3.9,41.4,Fr,2-Jun,11.0,4.3659,123.151,2.3,2014,32691,all,95.6,3.2413389,68.0,123.0,51.0,153.0,0.5528,0.3333,2.0,2.0,1.0,18.0,97.6955,92.6229,4.56203,202.885,6.86227,4.85439,2.00787,7.99607,35.7353,4.48187,3.5142,0.7941,2.5882,3.3824,5.5294,2.1176,0.1765,12.9412,Pure PG,4.5863,1215.0002000000002,148,360,0.4527777777777778,0.5107,PG,73.0,181.5,23.9,0.062,79.25,98.0,8.25,8.8,29.0,36.0,11.12,2.84,3.3,,108.6%,72.2,127.0,134.0,3.5,,1.0856164383561644,1.3424657534246576,,0.034058922874835806,0.23123361111111113
TYLER ZELLER,North Carolina,ACC,38,70.2,121.2,24.4,0.5529999999999999,0.6156,14.1,20.2,6.3,15.3,181,224,0.808,220,398,0.553,0,0,0.0,5.3,1.7,56.3,Sr,Jul-00,44.0,4.78484,133.481,3.8,2012,6927,all,97.0,0.49315494,89.0,131.0,131.0,267.0,0.6794,0.4906,32.0,34.0,0.9412,17.0,88.5932,84.3171,4.09334,257.763,10.0044,5.44846,4.55591,9.91323,28.1579,6.60917,3.30406,3.8421,5.7632,9.6053,0.9474,0.8947,1.5263,16.3421,C,0.0,1070.0002,220,398,0.5527638190954773,0.6156,PF-C,83.25,247.4,25.1,0.064,84.0,104.5,9.0,9.8,30.0,34.0,11.13,,3.4,16.0,100.9%,87.8,134.5,138.5,10.4,,1.009009009009009,1.2552552552552552,2.198868229587712,0.03569695821948074,0.34028140703517584
TYREKE EVANS,Memphis,CUSA,37,72.2,101.8,33.0,0.489,0.5292,5.0,15.3,30.0,21.8,138,194,0.711,196,381,0.514,34,124,0.274,2.8,4.2,38.4,Fr,6-Jun,,3.78458,122.038,3.3,2009,9524,all,99.2,1.07519617,,,,,,,,,,4.0,82.1427,79.0978,4.72624,250.295,10.0383,3.86939,6.16888,10.5783,28.973,5.31444,5.26382,1.2703,4.0811,5.3514,3.8649,2.0811,0.7838,17.0811,,6.69466,1072.001,230,505,0.4891089108910891,0.5292,PG-SG,76.0,220.6,26.8,0.071,83.25,104.0,,,28.5,34.0,11.81,,3.17,7.0,109.5%,,132.5,138.0,19.6,,1.0953947368421053,1.368421052631579,1.0788757932910245,0.03819252077562327,0.25883643564356434
TYUS JONES,Duke,ACC,39,84.2,121.8,19.9,0.489,0.5749,1.8,9.9,27.5,17.4,144,162,0.889,88,200,0.44,47,124,0.379,0.2,2.7,50.0,Fr,1-Jun,5.0,5.06662,128.753,1.4,2015,37730,all,98.6,2.8552881,51.0,87.0,37.0,113.0,0.5862,0.3274,0.0,0.0,,24.0,98.3377,91.4497,4.202,223.713,8.58766,6.36463,2.22302,8.39666,33.8974,5.61301,2.78366,0.4872,3.0256,3.5128,5.5641,1.5128,0.0769,11.8205,Scoring PG,5.64527,1321.9986,135,324,0.48919753086419754,0.5749,PG,72.5,184.6,24.7,0.065,77.0,97.0,8.25,8.8,26.5,32.5,11.84,2.95,3.32,2.0,106.2%,72.2,123.5,129.5,5.4,,1.0620689655172413,1.3379310344827586,0.35211267605633806,0.03512009512485137,0.28123966049382715
VICTOR OLADIPO,Indiana,B10,36,70.4,122.7,22.6,0.648,0.6712,11.7,14.0,15.2,21.1,97,130,0.746,152,236,0.644,30,68,0.441,2.8,4.6,42.8,Jr,5-Jun,4,4.92927,134.339,3.5,2013,18513,all,73.0,0.90244967,127.0,182.0,25.0,54.0,0.6978,0.463,35.0,36.0,0.9722,2.0,85.8364,81.39,4.35053,246.196,15.2772,8.79828,6.47896,14.3486,28.3611,8.76043,5.58813,2.5833,3.75,6.3333,2.0556,2.1667,0.7778,13.6389,Wing G,3.95201,1020.9996,182,304,0.6480263157894737,0.6712,SG,75.25,213.2,26.5,0.066,81.25,100.5,8.75,9.3,33.0,42.0,10.69,3.14,3.25,15.0,108.0%,80.9,133.5,142.5,13.2,,1.079734219269103,1.3355481727574752,2.954971857410882,0.037650798556307326,0.43495526315789473
WADE BALDWIN,Vanderbilt,SEC,33,75.3,109.5,26.4,0.49200000000000005,0.5709000000000001,1.5,11.6,33.7,19.7,155,194,0.799,94,215,0.437,41,101,0.406,1.0,2.3,61.4,So,3-Jun,4.0,3.89036,124.161,3.4,2016,36903,all,74.0,1.89008554,63.0,118.0,31.0,98.0,0.5339,0.3163,13.0,15.0,0.8667,17.0,96.7419,92.0043,3.86419,190.487,6.9925,4.59175,2.40075,6.5147,30.3636,3.94335,2.57135,0.3939,3.6061,4.0,5.2121,1.2121,0.3333,14.1212,Pure PG,5.77537,1001.9988000000001,135,316,0.4920886075949367,0.5709000000000001,PG,74.5,201.8,25.6,0.052,83.25,100.0,9.0,9.8,32.5,38.0,10.45,3.01,3.19,,111.7%,87.8,132.5,138.0,3.8,,1.1174496644295302,1.342281879194631,,0.036358722580063965,0.2809333860759494
WAYNE ELLINGTON,North Carolina,ACC,37,76.4,123.7,20.4,0.575,0.601,5.4,10.9,14.8,13.9,87,112,0.777,126,236,0.534,83,200,0.415,0.5,1.5,25.7,Jr,4-Jun,,4.94137,130.887,1.9,2009,2343,all,98.4,1.63939096,,,,,,,,,,28.0,99.2781,93.3517,3.48877,202.594,8.95892,7.84373,1.11519,8.77198,30.6486,7.46548,1.3065,1.5405,3.3784,4.9189,2.7027,0.8919,0.1622,15.8919,,9.28553,1133.9982,209,436,0.5745412844036697,0.601,SG,76.25,202.4,24.5,0.055,78.5,100.0,,,31.5,38.0,11.14,,3.2,13.0,103.0%,,131.5,138.0,5.6,,1.0295081967213116,1.3114754098360655,2.440711462450593,0.03481214727223865,0.34529931192660546
WILL BARTON,Memphis,CUSA,35,87.3,116.3,25.4,0.55,0.5875,7.6,18.5,17.3,14.2,134,179,0.749,193,345,0.559,37,107,0.346,2.1,2.4,39.6,So,6-Jun,5.0,5.44022,129.22,2.4,2012,19014,all,97.6,1.34663307,133.0,188.0,60.0,157.0,0.7074,0.3822,41.0,45.0,0.9111,40.0,91.0706,88.4891,4.59015,254.624,9.36629,6.08935,3.27694,9.02343,35.3143,6.72944,2.29398,2.0,5.9714,7.9714,2.8857,1.4286,0.7143,18.0286,Wing F,5.1237,1236.0005,230,452,0.5497787610619469,0.5875,SG-SF,77.0,174.4,20.7,0.041,81.75,102.5,9.0,9.5,30.0,34.0,12.5,,3.6,0.0,106.2%,85.5,132.5,136.5,3.8,,1.0616883116883118,1.3311688311688312,0.0,0.029414741103052793,0.3229950221238938
WILLIE CAULEY-STEIN,Kentucky,SEC,39,64.3,115.8,18.3,0.5720000000000001,0.5879,11.1,17.3,7.4,16.2,79,128,0.617,135,236,0.572,0,0,0.0,7.1,2.9,54.2,Jr,Jul-00,15.0,2.9961,118.997,3.1,2015,24136,all,91.6,0.79168017,106.0,141.0,30.0,96.0,0.7518,0.3125,69.0,74.0,0.9324,6.0,79.0904,74.9298,4.67976,235.411,12.7451,4.42742,8.31771,11.331,25.9487,5.07159,6.25944,2.2821,4.1538,6.4359,0.9744,1.2051,1.7179,8.9487,C,0.0,1011.9993,135,236,0.5720338983050848,0.5879,C,83.25,242.4,24.6,0.063,87.0,111.0,9.5,9.0,,,,,,,104.5%,85.5,,,11.0,,1.045045045045045,1.3333333333333333,,0.03497551605659714,0.3362987288135593
XAVIER HENRY,Kansas,B12,36,68.3,113.7,21.7,0.555,0.591,5.2,11.5,9.8,18.2,90,115,0.783,93,189,0.492,69,165,0.418,1.8,3.1,32.5,Fr,6-Jun,1,3.50784,121.52,2.7,2010,10527,all,99.0,0.76809101,60.0,90.0,33.0,99.0,0.6667,0.3333,17.0,17.0,1.0,12.0,94.3044,87.9117,3.68132,187.834,8.26661,5.41597,2.85064,7.97607,27.5,5.49854,2.47754,1.1944,3.1667,4.3611,1.4722,1.5,0.5,13.4167,Wing G,9.14942,990.0,162,354,0.5550847457627118,0.591,SG,77.25,210.2,24.8,0.047,83.25,105.0,8.75,10.0,28.5,36.5,11.1,,3.18,8.0,107.8%,87.5,133.5,141.5,2.8,,1.0776699029126213,1.3592233009708738,1.389153187440533,0.03522376179554047,0.32805508474576267
ZACH LAVINE,UCLA,P12,37,60.7,107.3,19.0,0.524,0.5448,2.4,9.5,12.6,13.9,47,68,0.691,79,160,0.494,48,128,0.375,0.8,2.1,23.6,Fr,5-Jun,14.0,1.90023,110.248,3.2,2014,31114,all,90.0,1.57149149,51.0,90.0,28.0,68.0,0.5667,0.4118,21.0,25.0,0.84,13.0,103.564,98.8807,2.59395,148.504,2.74348,2.46177,0.281707,1.99942,24.4324,1.46349,0.535932,0.4865,2.0541,2.5405,1.7838,0.8919,0.1622,9.4324,Wing G,8.06163,903.9988000000001,127,288,0.5243055555555556,0.5448,PG,76.5,180.9,21.7,0.047,80.25,100.0,8.25,8.8,33.5,41.5,10.42,2.8,3.19,,104.9%,72.2,133.5,141.5,9.4,,1.0490196078431373,1.3071895424836601,,0.03091118800461361,0.2856416666666666
